test,lang,id,iter,secs-startup,secs,kb,lines,date
binarytrees,bigforth, ,16,427,67.070,8908,41, 09/30/2004
binarytrees,bigforth,2,16,452,-2,-2,43, 09/30/2004
binarytrees,chicken, ,16,503,18.640,32816,27, 09/30/2004
binarytrees,cint, ,16,682,503.280,10132,78, 09/30/2004
binarytrees,clean, ,16,522,1.100,8752,39, 09/30/2004
binarytrees,clean,3,16,523,4.200,16872,39, 09/30/2004
binarytrees,cmucl,2,16,535,-2,-2,38, 09/30/2004
binarytrees,csharp, ,16,594,8.360,14580,42, 09/30/2004
binarytrees,csharpaot, ,16,594,8.850,13992,42, 09/30/2004
binarytrees,dlang,2,16,689,4.350,4692,55, 09/30/2004
binarytrees,erlang, ,16,425,12.930,18532,28, 09/30/2004
binarytrees,fbasic,2,16,707,4.940,4860,0, 09/30/2004
binarytrees,fpascal,2,16,613,6.460,8356,70, 09/30/2004
binarytrees,g95, ,16,810,44.280,10708,73, 09/30/2004
binarytrees,gcc, ,16,690,3.970,4528,80, 09/30/2004
binarytrees,gcc,2,16,727,1.610,4508,84, 09/30/2004
binarytrees,gcj,2,16,587,7.110,24912,39, 09/30/2004
binarytrees,gforth, ,16,421,16.020,4880,41, 09/30/2004
binarytrees,ghc, ,16,499,3.180,2956,34, 09/30/2004
binarytrees,ghc,4,16,494,3.840,7044,34, 09/30/2004
binarytrees,gnat, ,16,939,5.080,6592,99, 09/30/2004
binarytrees,gpp, ,16,762,0.600,1604,52, 09/30/2004
binarytrees,gpp,2,16,525,4.530,6984,38, 09/30/2004
binarytrees,groovy, ,16,503,-2,-2,38, 09/30/2004
binarytrees,gst, ,16,655,-2,-2,51, 09/30/2004
binarytrees,hipe, ,16,425,4.980,17204,28, 09/30/2004
binarytrees,icon, ,16,510,83.440,15860,45, 09/30/2004
binarytrees,ifc, ,16,810,-2,-2,73, 09/30/2004
binarytrees,iron,3,16,402,76.660,90008,28, 09/30/2004
binarytrees,java,2,16,587,6.440,23356,39, 09/30/2004
binarytrees,java14,2,16,587,5.990,20696,39, 09/30/2004
binarytrees,java5,2,16,587,6.680,23668,39, 09/30/2004
binarytrees,javaclient,2,16,587,6.880,26316,39, 09/30/2004
binarytrees,javascript, ,16,451,161.100,231512,32, 09/30/2004
binarytrees,javaxint,2,16,587,21.560,20216,39, 09/30/2004
binarytrees,lua,2,16,394,103.870,66612,37, 09/30/2004
binarytrees,lua,3,16,454,53.400,34896,41, 09/30/2004
binarytrees,luajit,2,16,394,97.460,70064,37, 09/30/2004
binarytrees,luajit,3,16,454,35.820,41648,41, 09/30/2004
binarytrees,mlton,2,16,514,2.630,45856,20, 09/30/2004
binarytrees,mzscheme, ,16,466,10.100,14948,36, 09/30/2004
binarytrees,neko, ,16,413,15.450,10076,0, 09/30/2004
binarytrees,nice, ,16,469,8.180,29660,29, 09/30/2004
binarytrees,ocaml, ,16,453,4.700,8716,23, 09/30/2004
binarytrees,ocaml,3,16,486,1.420,11236,24, 09/30/2004
binarytrees,ocaml,4,16,488,1.940,11568,24, 09/30/2004
binarytrees,ooc, ,16,739,12.190,17252,77, 09/30/2004
binarytrees,oz, ,16,468,23.290,26548,0, 09/30/2004
binarytrees,perl, ,16,475,246.590,37568,36, 09/30/2004
binarytrees,php, ,16,493,293.720,99596,40, 09/30/2004
binarytrees,php,2,16,477,194.500,99580,47, 09/30/2004
binarytrees,pike, ,16,504,84.850,16576,30, 09/30/2004
binarytrees,psyco,3,16,415,39.260,16740,30, 09/30/2004
binarytrees,python,3,16,402,93.110,16048,28, 09/30/2004
binarytrees,rebol, ,16,474,1791.650,78496,37, 09/30/2004
binarytrees,rhino, ,16,451,177.960,87504,32, 09/30/2004
binarytrees,ruby, ,16,457,344.260,164876,47, 09/30/2004
binarytrees,ruby,2,16,393,174.730,48752,36, 09/30/2004
binarytrees,sbcl,2,16,537,3.850,26320,39, 09/30/2004
binarytrees,scala, ,16,513,9.850,34460,25, 09/30/2004
binarytrees,scala,2,16,488,8.530,33516,23, 09/30/2004
binarytrees,scala,3,16,516,8.480,33404,30, 09/30/2004
binarytrees,scala,4,16,520,5.810,33576,29, 09/30/2004
binarytrees,se, ,16,630,4.160,6524,46, 09/30/2004
binarytrees,squeak, ,16,801,44.730,26892,3, 09/30/2004
binarytrees,swiprolog, ,16,759,-2,-2,45, 09/30/2004
binarytrees,tcl, ,16,524,148.020,30144,44, 09/30/2004
binarytrees,vw,2,16,774,7.940,27084,66, 09/30/2004
binarytrees,yarv, ,16,457,379.340,118476,47, 09/30/2004
binarytrees,yarv,2,16,393,79.790,20036,36, 09/30/2004
chameneos,bigforth, ,5000000,331,11.049,696,32, 09/30/2004
chameneos,chicken, ,5000000,462,-2,-2,44, 09/30/2004
chameneos,clean, ,5000000,707,1.900,1508,54, 09/30/2004
chameneos,clean,2,5000000,637,1.080,1508,51, 09/30/2004
chameneos,csharp, ,5000000,804,175.170,5284,72, 09/30/2004
chameneos,csharp,2,5000000,538,1.130,3512,48, 09/30/2004
chameneos,csharpaot, ,5000000,804,185.500,3868,72, 09/30/2004
chameneos,csharpaot,2,5000000,538,1.430,4000,48, 09/30/2004
chameneos,dlang, ,5000000,701,5.010,596,65, 09/30/2004
chameneos,erlang, ,5000000,554,8.810,4340,60, 09/30/2004
chameneos,fbasic,2,5000000,585,-1,-1,0, 09/30/2004
chameneos,fpascal, ,5000000,730,46.539,4140,1, 09/30/2004
chameneos,gcc, ,5000000,822,39.078,3900,82, 09/30/2004
chameneos,gcj, ,5000000,913,-2,-2,92, 09/30/2004
chameneos,gforth, ,5000000,347,10.073,4172,35, 09/30/2004
chameneos,ghc, ,5000000,528,4.432,1764,44, 09/30/2004
chameneos,ghc,2,5000000,456,4.544,1780,37, 09/30/2004
chameneos,ghc,3,5000000,632,4.664,1772,37, 09/30/2004
chameneos,gnat,2,5000000,790,27.290,648,107, 09/30/2004
chameneos,gpp, ,5000000,984,55.659,4252,99, 09/30/2004
chameneos,groovy, ,5000000,844,-2,-2,79, 09/30/2004
chameneos,gst, ,5000000,799,40.340,8272,94, 09/30/2004
chameneos,hipe, ,5000000,554,7.510,4372,60, 09/30/2004
chameneos,iron, ,5000000,640,-1,-1,73, 09/30/2004
chameneos,iron,2,5000000,537,-1,-1,51, 09/30/2004
chameneos,iron,3,5000000,339,20.733,89332,45, 09/30/2004
chameneos,iron,4,5000000,379,25.730,22424,52, 09/30/2004
chameneos,java, ,5000000,913,-1,-1,92, 09/30/2004
chameneos,java,2,5000000,807,42.920,21764,76, 09/30/2004
chameneos,java14, ,5000000,913,-2,-2,92, 09/30/2004
chameneos,java5, ,5000000,913,-1,-1,92, 09/30/2004
chameneos,javaclient, ,5000000,913,-1,-1,92, 09/30/2004
chameneos,javaclient,2,5000000,807,47.260,47856,76, 09/30/2004
chameneos,javaxint, ,5000000,913,-1,-1,92, 09/30/2004
chameneos,javaxint,2,5000000,807,58.160,57104,76, 09/30/2004
chameneos,lua, ,5000000,496,26.554,11568,56, 09/30/2004
chameneos,luajit, ,5000000,496,6.920,11700,56, 09/30/2004
chameneos,mlton, ,5000000,483,26.382,11796,20, 09/30/2004
chameneos,mzscheme, ,5000000,462,237.650,3840,44, 09/30/2004
chameneos,ocaml, ,5000000,480,1.112,11756,41, 09/30/2004
chameneos,ocaml,3,5000000,543,59.260,11452,38, 09/30/2004
chameneos,oz, ,5000000,684,21.065,14560,0, 09/30/2004
chameneos,perl, ,5000000,343,145.205,14944,31, 09/30/2004
chameneos,pike, ,5000000,726,160.158,14180,69, 09/30/2004
chameneos,psyco,2,5000000,549,161.866,3576,50, 09/30/2004
chameneos,python, ,5000000,640,-1,-1,73, 09/30/2004
chameneos,python,2,5000000,537,311.683,2540,51, 09/30/2004
chameneos,python,3,5000000,339,35.746,2312,45, 09/30/2004
chameneos,python,4,5000000,379,43.383,2316,52, 09/30/2004
chameneos,ruby,2,5000000,372,-2,-2,42, 09/30/2004
chameneos,sbcl, ,5000000,693,58.310,20228,68, 09/30/2004
chameneos,scala, ,5000000,732,50.230,64952,62, 09/30/2004
chameneos,se,2,5000000,1155,14.965,452,180, 09/30/2004
chameneos,squeak, ,5000000,998,52.479,15360,6, 09/30/2004
chameneos,tcl, ,5000000,633,-2,-2,58, 09/30/2004
chameneos,vw,2,5000000,936,9.130,12900,114, 09/30/2004
chameneos,yarv,2,5000000,372,-2,-2,42, 09/30/2004
fannkuch,bigforth, ,11,364,24.470,700,29, 09/30/2004
fannkuch,chicken, ,11,670,174.830,2060,71, 09/30/2004
fannkuch,cint, ,11,612,-1,-1,62, 09/30/2004
fannkuch,clean, ,11,909,6.670,15356,81, 09/30/2004
fannkuch,cmucl,2,11,608,-2,-2,48, 09/30/2004
fannkuch,csharp, ,11,533,18.790,20004,46, 09/30/2004
fannkuch,csharpaot, ,11,533,20.040,19504,46, 09/30/2004
fannkuch,dlang, ,11,482,5.820,15612,41, 09/30/2004
fannkuch,erlang, ,11,578,471.970,19828,62, 09/30/2004
fannkuch,erlang,2,11,662,171.900,20024,62, 09/30/2004
fannkuch,fbasic,2,11,532,12.840,16496,0, 09/30/2004
fannkuch,fpascal,3,11,650,7.290,15896,90, 09/30/2004
fannkuch,g95, ,11,505,22.400,16296,57, 09/30/2004
fannkuch,gambit, ,11,655,-2,-2,65, 09/30/2004
fannkuch,gcc, ,11,612,5.840,16228,62, 09/30/2004
fannkuch,gcj, ,11,527,6.760,15960,45, 09/30/2004
fannkuch,gforth, ,11,364,192.220,16884,29, 09/30/2004
fannkuch,ghc, ,11,652,67.520,18984,42, 09/30/2004
fannkuch,ghc,2,11,999,18.030,17996,90, 09/30/2004
fannkuch,ghc,3,11,325,428.680,19436,23, 09/30/2004
fannkuch,gnat, ,11,730,9.680,17092,90, 09/30/2004
fannkuch,gpp, ,11,735,9.760,17516,85, 09/30/2004
fannkuch,gst,2,11,664,202.080,26500,67, 09/30/2004
fannkuch,hipe, ,11,578,99.230,21380,62, 09/30/2004
fannkuch,hipe,2,11,662,100.060,21484,62, 09/30/2004
fannkuch,ifc, ,11,505,-2,-2,57, 09/30/2004
fannkuch,iron, ,11,395,1612.710,40648,37, 09/30/2004
fannkuch,java, ,11,527,14.900,9716,45, 09/30/2004
fannkuch,java14, ,11,527,15.490,9412,45, 09/30/2004
fannkuch,java5, ,11,527,15.480,11052,45, 09/30/2004
fannkuch,javaclient, ,11,527,14.940,7740,45, 09/30/2004
fannkuch,javascript, ,11,466,1623.660,21116,43, 09/30/2004
fannkuch,javaxint, ,11,527,299.790,7996,45, 09/30/2004
fannkuch,lua,3,11,453,501.760,21720,40, 09/30/2004
fannkuch,luajit,3,11,453,66.250,21884,40, 09/30/2004
fannkuch,mlton, ,11,590,17.590,21672,77, 09/30/2004
fannkuch,mzscheme, ,11,708,159.190,25312,72, 09/30/2004
fannkuch,neko, ,11,440,99.660,22412,0, 09/30/2004
fannkuch,nice, ,11,474,13.520,12352,43, 09/30/2004
fannkuch,ocaml, ,11,469,7.950,21876,27, 09/30/2004
fannkuch,ooc, ,11,563,6.980,22948,59, 09/30/2004
fannkuch,oz,2,11,497,720.010,25816,0, 09/30/2004
fannkuch,perl,2,11,308,904.510,23976,20, 09/30/2004
fannkuch,php, ,11,468,1270.150,28940,44, 09/30/2004
fannkuch,pike, ,11,476,550.630,27148,43, 09/30/2004
fannkuch,psyco, ,11,418,13.900,26924,54, 09/30/2004
fannkuch,python, ,11,395,667.380,26608,37, 09/30/2004
fannkuch,rebol, ,11,418,-1,-1,38, 09/30/2004
fannkuch,regina, ,11,353,-2,-2,47, 09/30/2004
fannkuch,rhino, ,11,466,-1,-1,43, 09/30/2004
fannkuch,ruby, ,11,310,-1,-1,32, 09/30/2004
fannkuch,sbcl,2,11,608,7.560,8012,48, 09/30/2004
fannkuch,scala, ,11,437,299.050,18972,25, 09/30/2004
fannkuch,scala,2,11,457,14.900,16620,45, 09/30/2004
fannkuch,se, ,11,757,8.240,416,140, 09/30/2004
fannkuch,squeak, ,11,942,543.360,15336,2, 09/30/2004
fannkuch,swiprolog, ,11,731,-2,-2,58, 09/30/2004
fannkuch,tcl,2,11,516,1462.240,1424,60, 09/30/2004
fannkuch,vw,2,11,842,85.830,12876,83, 09/30/2004
fannkuch,yarv, ,11,310,-2,-2,32, 09/30/2004
fasta,bigforth, ,25000000,684,2782.366,712,50, 09/30/2004
fasta,bigforth,2,25000000,790,131.296,716,62, 09/30/2004
fasta,chicken, ,25000000,1037,-2,-2,76, 09/30/2004
fasta,chicken,2,25000000,1177,475.170,2268,94, 09/30/2004
fasta,cint, ,25000000,1167,-1,-1,102, 09/30/2004
fasta,clean, ,25000000,1409,28.594,2812,135, 09/30/2004
fasta,cmucl, ,25000000,1403,-2,-2,113, 09/30/2004
fasta,csharp,2,25000000,1164,26.460,4616,106, 09/30/2004
fasta,csharpaot,2,25000000,1164,37.160,4168,106, 09/30/2004
fasta,dlang,2,25000000,1120,21.450,2848,101, 09/30/2004
fasta,erlang, ,25000000,1023,382.240,4328,60, 09/30/2004
fasta,fbasic, ,25000000,1020,28.398,872,0, 09/30/2004
fasta,fpascal,2,25000000,1178,26.354,408,30, 09/30/2004
fasta,g95, ,25000000,1139,102.490,484,132, 09/30/2004
fasta,gcc, ,25000000,1169,23.565,544,102, 09/30/2004
fasta,gcc,2,25000000,1109,20.240,2760,99, 09/30/2004
fasta,gcj,2,25000000,1224,26.050,15988,107, 09/30/2004
fasta,gforth, ,25000000,654,230.842,956,47, 09/30/2004
fasta,ghc,2,25000000,1088,88.280,1908,67, 09/30/2004
fasta,ghc,3,25000000,1390,40.967,1820,85, 09/30/2004
fasta,gnat, ,25000000,1330,65.528,440,118, 09/30/2004
fasta,gpp,4,25000000,1232,18.769,1812,105, 09/30/2004
fasta,groovy, ,25000000,1057,-2,-2,101, 09/30/2004
fasta,gst,2,25000000,1295,256.360,8220,114, 09/30/2004
fasta,hipe, ,25000000,1023,357.100,4400,60, 09/30/2004
fasta,icon, ,25000000,855,877.531,1568,87, 09/30/2004
fasta,ifc, ,25000000,1139,-2,-2,132, 09/30/2004
fasta,iron, ,25000000,861,-1,-1,76, 09/30/2004
fasta,java,2,25000000,1224,21.780,9936,107, 09/30/2004
fasta,java14,2,25000000,1224,22.040,9740,107, 09/30/2004
fasta,java5,2,25000000,1224,21.720,11492,107, 09/30/2004
fasta,javaclient,2,25000000,1224,27.620,7820,107, 09/30/2004
fasta,javascript, ,25000000,775,1779.527,257096,59, 09/30/2004
fasta,javaxint,2,25000000,1224,153.350,7988,107, 09/30/2004
fasta,lua,2,25000000,977,210.517,121448,77, 09/30/2004
fasta,luajit,2,25000000,977,67.608,121880,77, 09/30/2004
fasta,mlton, ,25000000,1307,25.114,123892,60, 09/30/2004
fasta,mzscheme, ,25000000,1037,262.670,4208,76, 09/30/2004
fasta,nice, ,25000000,1002,-2,-2,79, 09/30/2004
fasta,ocaml,2,25000000,968,27.998,404412,60, 09/30/2004
fasta,ooc, ,25000000,1144,37.666,148668,115, 09/30/2004
fasta,oz, ,25000000,1159,957.864,157408,0, 09/30/2004
fasta,perl, ,25000000,779,741.000,1812,69, 09/30/2004
fasta,perl,2,25000000,875,1260.987,1820,80, 09/30/2004
fasta,php,2,25000000,1013,1849.240,5452,79, 09/30/2004
fasta,pike, ,25000000,955,796.666,3360,88, 09/30/2004
fasta,psyco,3,25000000,897,162.110,3296,88, 09/30/2004
fasta,python, ,25000000,861,703.728,167004,76, 09/30/2004
fasta,rebol, ,25000000,1003,-1,-1,67, 09/30/2004
fasta,regina, ,25000000,943,-2,-2,69, 09/30/2004
fasta,regina,2,25000000,952,-2,-2,67, 09/30/2004
fasta,rhino, ,25000000,775,-2,-2,59, 09/30/2004
fasta,ruby, ,25000000,728,4071.180,238252,68, 09/30/2004
fasta,sbcl, ,25000000,1403,35.400,7688,113, 09/30/2004
fasta,scala, ,25000000,1191,23.160,15780,102, 09/30/2004
fasta,se, ,25000000,1107,21.970,2788,145, 09/30/2004
fasta,smlnj, ,25000000,1271,35.320,3260,59, 09/30/2004
fasta,swiprolog, ,25000000,1353,1909.127,181116,69, 09/30/2004
fasta,tcl, ,25000000,896,1105.573,50240,52, 09/30/2004
fasta,vw, ,25000000,1549,109.560,13036,161, 09/30/2004
fasta,vw,2,25000000,1492,415.120,12896,176, 09/30/2004
fasta,yarv, ,25000000,728,1146.430,189068,68, 09/30/2004
hello,bigforth, ,200,32,1.230,1744,1, 09/30/2004
hello,chicken, ,200,70,1.740,2764,2, 09/30/2004
hello,cint, ,200,83,5.820,4740,4, 09/30/2004
hello,clean, ,200,53,0.570,1588,3, 09/30/2004
hello,cmucl, ,200,52,-2,-2,1, 09/30/2004
hello,csharp, ,200,107,20.200,5828,4, 09/30/2004
hello,csharpaot, ,200,107,13.410,5340,4, 09/30/2004
hello,dlang, ,200,73,0.610,1624,4, 09/30/2004
hello,erlang, ,200,87,35.580,8448,3, 09/30/2004
hello,fbasic, ,200,29,0.760,1696,0, 09/30/2004
hello,fpascal, ,200,56,0.280,1532,4, 09/30/2004
hello,g95, ,200,67,0.500,1420,4, 09/30/2004
hello,gcc, ,200,83,0.390,1524,4, 09/30/2004
hello,gcj, ,200,96,33.170,17060,3, 09/30/2004
hello,gforth, ,200,32,2.580,1896,1, 09/30/2004
hello,ghc, ,200,39,0.790,1864,1, 09/30/2004
hello,gnat, ,200,84,0.470,1560,5, 09/30/2004
hello,gpp, ,200,92,0.900,1912,5, 09/30/2004
hello,groovy, ,200,31,-2,-2,1, 09/30/2004
hello,gst, ,200,46,14.110,6680,1, 09/30/2004
hello,hipe, ,200,87,35.490,8456,3, 09/30/2004
hello,ibmjava, ,200,96,-2,-2,3, 09/30/2004
hello,icon, ,200,55,3.070,3344,3, 09/30/2004
hello,ifc, ,200,67,-2,-2,4, 09/30/2004
hello,iron, ,200,29,530.090,21412,1, 09/30/2004
hello,java, ,200,96,35.530,9880,3, 09/30/2004
hello,java14, ,200,96,35.450,9584,3, 09/30/2004
hello,java5, ,200,96,40.680,11212,3, 09/30/2004
hello,javaclient, ,200,96,16.200,8352,3, 09/30/2004
hello,javascript, ,200,31,0.750,1964,1, 09/30/2004
hello,javaxint, ,200,96,29.920,9108,3, 09/30/2004
hello,lua, ,200,35,0.910,1724,1, 09/30/2004
hello,luajit, ,200,35,1.800,2008,1, 09/30/2004
hello,mlton, ,200,39,0.620,1700,1, 09/30/2004
hello,mzscheme, ,200,60,6.830,4352,1, 09/30/2004
hello,neko, ,200,34,1.630,2256,0, 09/30/2004
hello,nice, ,200,59,53.740,11116,1, 09/30/2004
hello,ocaml, ,200,37,0.550,1608,1, 09/30/2004
hello,occam, ,200,71,2.090,3564,0, 09/30/2004
hello,ooc, ,200,74,2.530,2680,1, 09/30/2004
hello,oz, ,200,92,12.000,3980,0, 09/30/2004
hello,perl, ,200,32,1.250,2144,1, 09/30/2004
hello,petitnasm, ,200,41,5.450,5008,1, 09/30/2004
hello,php, ,200,52,13.450,6408,3, 09/30/2004
hello,pike, ,200,63,25.020,4420,1, 09/30/2004
hello,psyco, ,200,50,7.850,4128,3, 09/30/2004
hello,python, ,200,29,5.440,3448,1, 09/30/2004
hello,rebol, ,200,130,7.070,3860,3, 09/30/2004
hello,regina,2,200,27,-2,-2,1, 09/30/2004
hello,rhino, ,200,31,127.730,13344,1, 09/30/2004
hello,ruby, ,200,28,2.070,2636,1, 09/30/2004
hello,sbcl, ,200,52,5.870,8700,1, 09/30/2004
hello,scala, ,200,73,87.970,16156,2, 09/30/2004
hello,se, ,200,101,0.420,1524,10, 09/30/2004
hello,smlnj, ,200,163,8.890,3896,7, 09/30/2004
hello,squeak, ,200,129,134.770,16476,4, 09/30/2004
hello,stalin, ,200,43,0.440,1448,1, 09/30/2004
hello,swiprolog, ,200,73,3.900,3284,2, 09/30/2004
hello,tcl, ,200,28,1.950,2548,1, 09/30/2004
hello,vb, ,200,92,-2,-2,0, 09/30/2004
hello,vw, ,200,84,41.770,14012,4, 09/30/2004
hello,yarv, ,200,28,3.330,2996,1, 09/30/2004
knucleotide,bigforth,2,1000000,811,-2,-2,74, 09/30/2004
knucleotide,chicken, ,1000000,1737,123.140,34124,4, 09/30/2004
knucleotide,cint, ,1000000,1210,-1,-1,125, 09/30/2004
knucleotide,clean, ,1000000,1495,13.770,66208,87, 09/30/2004
knucleotide,cmucl, ,1000000,834,-2,-2,47, 09/30/2004
knucleotide,csharp, ,1000000,998,23.590,56560,78, 09/30/2004
knucleotide,csharpaot, ,1000000,998,23.270,58980,78, 09/30/2004
knucleotide,dlang,2,1000000,825,9.960,238548,69, 09/30/2004
knucleotide,erlang,2,1000000,873,63.480,81172,72, 09/30/2004
knucleotide,fbasic, ,1000000,2055,20.700,35812,0, 09/30/2004
knucleotide,fpascal, ,1000000,2367,10.010,11728,338, 09/30/2004
knucleotide,fpascal,2,1000000,1185,10.740,39748,151, 09/30/2004
knucleotide,g95, ,1000000,2222,39.870,57840,265, 09/30/2004
knucleotide,gcc, ,1000000,1157,6.670,35484,121, 09/30/2004
knucleotide,gcj, ,1000000,1036,21.540,85556,70, 09/30/2004
knucleotide,gforth,2,1000000,784,73.630,12964,73, 09/30/2004
knucleotide,ghc, ,1000000,1740,30.300,164640,131, 09/30/2004
knucleotide,ghc,6,1000000,999,142.400,29460,70, 09/30/2004
knucleotide,gnat, ,1000000,2237,-2,-2,250, 09/30/2004
knucleotide,gpp,3,1000000,1364,7.350,9412,112, 09/30/2004
knucleotide,groovy, ,1000000,549,-2,-2,37, 09/30/2004
knucleotide,gst, ,1000000,985,221.930,54368,65, 09/30/2004
knucleotide,hipe,2,1000000,873,47.600,56044,72, 09/30/2004
knucleotide,icon, ,1000000,437,112.910,35428,40, 09/30/2004
knucleotide,ifc, ,1000000,2222,-2,-2,265, 09/30/2004
knucleotide,iron, ,1000000,459,124.180,97224,35, 09/30/2004
knucleotide,iron,2,1000000,514,211.370,96168,36, 09/30/2004
knucleotide,java, ,1000000,1036,16.540,64780,70, 09/30/2004
knucleotide,java14, ,1000000,1036,18.110,52516,70, 09/30/2004
knucleotide,java5, ,1000000,1036,17.100,67600,70, 09/30/2004
knucleotide,javaclient, ,1000000,1036,18.980,50840,70, 09/30/2004
knucleotide,javascript, ,1000000,407,128.430,191412,26, 09/30/2004
knucleotide,javaxint, ,1000000,1036,172.740,62388,70, 09/30/2004
knucleotide,lua,2,1000000,597,34.310,37308,57, 09/30/2004
knucleotide,luajit,2,1000000,597,17.650,32452,57, 09/30/2004
knucleotide,mlton, ,1000000,1052,19.600,157500,110, 09/30/2004
knucleotide,mzscheme, ,1000000,607,30.840,71948,44, 09/30/2004
knucleotide,nice, ,1000000,757,16.560,66360,57, 09/30/2004
knucleotide,ocaml,2,1000000,829,13.510,30980,50, 09/30/2004
knucleotide,oz, ,1000000,789,89.850,119588,0, 09/30/2004
knucleotide,oz,2,1000000,759,99.520,96220,0, 09/30/2004
knucleotide,perl, ,1000000,463,31.550,73544,18, 09/30/2004
knucleotide,php, ,1000000,802,72.850,25604,76, 09/30/2004
knucleotide,pike, ,1000000,734,46.560,34196,64, 09/30/2004
knucleotide,psyco, ,1000000,476,23.810,25764,36, 09/30/2004
knucleotide,python, ,1000000,459,57.760,25112,35, 09/30/2004
knucleotide,rebol, ,1000000,1082,-1,-1,65, 09/30/2004
knucleotide,regina, ,1000000,629,-2,-2,71, 09/30/2004
knucleotide,regina,2,1000000,1364,-2,-2,114, 09/30/2004
knucleotide,rhino, ,1000000,675,203.780,108768,47, 09/30/2004
knucleotide,ruby,2,1000000,404,161.470,31000,31, 09/30/2004
knucleotide,sbcl, ,1000000,834,61.900,46316,47, 09/30/2004
knucleotide,sbcl,4,1000000,1419,42.470,38620,118, 09/30/2004
knucleotide,scala,2,1000000,839,22.160,50912,63, 09/30/2004
knucleotide,scala,3,1000000,1030,19.360,49808,78, 09/30/2004
knucleotide,se, ,1000000,899,47.720,21868,85, 09/30/2004
knucleotide,swiprolog, ,1000000,1259,-2,-2,87, 09/30/2004
knucleotide,tcl, ,1000000,545,95.610,74476,38, 09/30/2004
knucleotide,vw, ,1000000,1079,2221.850,31728,74, 09/30/2004
knucleotide,vw,2,1000000,1100,565.440,32916,74, 09/30/2004
knucleotide,vw,3,1000000,1853,84.060,32804,121, 09/30/2004
knucleotide,yarv,2,1000000,404,95.040,29700,31, 09/30/2004
mandelbrot,bigforth, ,3000,321,10.910,720,26, 09/30/2004
mandelbrot,chicken, ,3000,510,148.330,2192,37, 09/30/2004
mandelbrot,cint,2,3000,384,530.420,3852,30, 09/30/2004
mandelbrot,clean,2,3000,490,5.040,612,33, 09/30/2004
mandelbrot,csharp, ,3000,494,12.920,5044,33, 09/30/2004
mandelbrot,csharpaot, ,3000,494,23.890,4460,33, 09/30/2004
mandelbrot,dlang,2,3000,383,6.250,728,23, 09/30/2004
mandelbrot,erlang, ,3000,586,156.730,5128,46, 09/30/2004
mandelbrot,fbasic,4,3000,414,7.640,880,0, 09/30/2004
mandelbrot,fpascal, ,3000,363,7.090,136,38, 09/30/2004
mandelbrot,fpascal,2,3000,437,6.310,132,24, 09/30/2004
mandelbrot,g95, ,3000,469,-2,-2,50, 09/30/2004
mandelbrot,gambit, ,3000,472,629.010,3024,36, 09/30/2004
mandelbrot,gcc,2,3000,384,4.200,512,30, 09/30/2004
mandelbrot,gcc,3,3000,632,3.170,512,47, 09/30/2004
mandelbrot,gcj, ,3000,506,4.910,17060,17, 09/30/2004
mandelbrot,gforth, ,3000,298,102.180,956,24, 09/30/2004
mandelbrot,ghc,4,3000,611,5.610,1784,40, 09/30/2004
mandelbrot,gnat,2,3000,556,3.950,520,50, 09/30/2004
mandelbrot,gpp,3,3000,387,3.970,864,19, 09/30/2004
mandelbrot,gpp,4,3000,1081,3.100,872,97, 09/30/2004
mandelbrot,groovy, ,3000,459,-2,-2,26, 09/30/2004
mandelbrot,gst,2,3000,421,564.060,7240,34, 09/30/2004
mandelbrot,hipe, ,3000,586,69.700,5076,46, 09/30/2004
mandelbrot,icon, ,3000,438,814.700,1172,26, 09/30/2004
mandelbrot,ifc, ,3000,469,-2,-2,50, 09/30/2004
mandelbrot,iron,2,3000,472,-2,-2,43, 09/30/2004
mandelbrot,java, ,3000,506,5.280,10512,17, 09/30/2004
mandelbrot,java,2,3000,498,4.840,9512,32, 09/30/2004
mandelbrot,java14, ,3000,506,5.770,10236,17, 09/30/2004
mandelbrot,java5, ,3000,506,5.300,11876,17, 09/30/2004
mandelbrot,javaclient, ,3000,506,5.570,8580,17, 09/30/2004
mandelbrot,javaclient,2,3000,498,6.070,7772,32, 09/30/2004
mandelbrot,javaxint, ,3000,506,145.920,9088,17, 09/30/2004
mandelbrot,javaxint,2,3000,498,150.220,7980,32, 09/30/2004
mandelbrot,lua,2,3000,351,75.680,972,32, 09/30/2004
mandelbrot,luajit,2,3000,351,11.640,1072,32, 09/30/2004
mandelbrot,mlton,2,3000,441,6.170,664,18, 09/30/2004
mandelbrot,mzscheme, ,3000,496,507.010,4244,35, 09/30/2004
mandelbrot,nice,2,3000,454,4.140,11492,31, 09/30/2004
mandelbrot,ocaml, ,3000,492,7.500,712,46, 09/30/2004
mandelbrot,ooc, ,3000,439,4.340,1628,39, 09/30/2004
mandelbrot,oz, ,3000,543,281.280,4984,0, 09/30/2004
mandelbrot,perl,2,3000,295,387.040,1696,20, 09/30/2004
mandelbrot,php,2,3000,383,268.810,5336,31, 09/30/2004
mandelbrot,pike, ,3000,386,187.690,3352,20, 09/30/2004
mandelbrot,psyco,4,3000,497,86.720,3272,46, 09/30/2004
mandelbrot,python,2,3000,472,278.050,2504,43, 09/30/2004
mandelbrot,rebol, ,3000,480,1934.730,6604,40, 09/30/2004
mandelbrot,regina, ,3000,372,-2,-2,25, 09/30/2004
mandelbrot,ruby, ,3000,291,2000.150,1752,32, 09/30/2004
mandelbrot,sbcl,2,3000,637,5.700,8616,45, 09/30/2004
mandelbrot,scala,2,3000,438,4.240,15324,39, 09/30/2004
mandelbrot,se, ,3000,515,3.320,520,62, 09/30/2004
mandelbrot,smlnj, ,3000,540,3.530,2512,24, 09/30/2004
mandelbrot,squeak, ,3000,506,-2,-2,2, 09/30/2004
mandelbrot,swiprolog, ,3000,804,890.060,2620,40, 09/30/2004
mandelbrot,tcl,3,3000,425,618.990,1416,24, 09/30/2004
mandelbrot,vw,2,3000,576,161.610,12884,48, 09/30/2004
mandelbrot,yarv, ,3000,291,891.770,2160,32, 09/30/2004
message,bigforth, ,15000,328,6.836,1076,35, 09/30/2004
message,chicken, ,15000,587,1606.630,9396,69, 09/30/2004
message,clean, ,15000,263,0.090,1552,17, 09/30/2004
message,csharp, ,15000,520,7.820,21320,42, 09/30/2004
message,csharpaot, ,15000,520,-2,-2,42, 09/30/2004
message,dlang,2,15000,423,20.580,2772,41, 09/30/2004
message,erlang,2,15000,263,5.390,4828,20, 09/30/2004
message,fpascal, ,15000,718,29.330,2872,1, 09/30/2004
message,gcc, ,15000,519,53.323,2512,45, 09/30/2004
message,gcc,2,15000,525,9.865,1048,44, 09/30/2004
message,gcj,2,15000,527,-2,-2,36, 09/30/2004
message,gforth, ,15000,305,6.424,960,31, 09/30/2004
message,ghc, ,15000,236,5.948,3596,10, 09/30/2004
message,gnat, ,15000,452,52.947,7540,46, 09/30/2004
message,gpp, ,15000,1086,9.601,3448,133, 09/30/2004
message,gpp,2,15000,894,54.087,2964,69, 09/30/2004
message,gpp,3,15000,1383,3.508,1124,149, 09/30/2004
message,gst, ,15000,435,23.480,9372,49, 09/30/2004
message,hipe,2,15000,263,5.190,5088,20, 09/30/2004
message,icon, ,15000,188,-2,-2,17, 09/30/2004
message,iron, ,15000,160,7.408,22064,16, 09/30/2004
message,java, ,15000,590,26.910,58020,33, 09/30/2004
message,java,2,15000,527,112.250,25176,36, 09/30/2004
message,java,3,15000,607,2.770,57224,64, 09/30/2004
message,java,4,15000,626,33.090,54264,68, 09/30/2004
message,java,5,15000,729,15.950,56152,82, 09/30/2004
message,java14,2,15000,527,36.420,29860,36, 09/30/2004
message,java5,2,15000,527,16.550,33820,36, 09/30/2004
message,javaclient, ,15000,590,59.480,60280,33, 09/30/2004
message,javaclient,2,15000,527,43.980,36068,36, 09/30/2004
message,javaclient,3,15000,607,2.600,58112,64, 09/30/2004
message,javaclient,4,15000,626,18.420,51632,68, 09/30/2004
message,javaclient,5,15000,729,20.230,61928,82, 09/30/2004
message,javaxint, ,15000,590,129.890,55744,33, 09/30/2004
message,javaxint,2,15000,527,74.320,30712,36, 09/30/2004
message,javaxint,3,15000,607,5.220,47008,64, 09/30/2004
message,javaxint,4,15000,626,13.460,41704,68, 09/30/2004
message,javaxint,5,15000,729,54.710,33464,82, 09/30/2004
message,lua,2,15000,229,22.133,1472,19, 09/30/2004
message,luajit,2,15000,229,15.809,3852,19, 09/30/2004
message,mlton, ,15000,422,12.253,3656,18, 09/30/2004
message,mlton,2,15000,319,26.990,5892,10, 09/30/2004
message,mzscheme, ,15000,279,178.750,10524,21, 09/30/2004
message,ocaml, ,15000,314,-2,-2,19, 09/30/2004
message,ocaml,2,15000,356,-2,-2,14, 09/30/2004
message,ocaml,3,15000,273,0.032,616,21, 09/30/2004
message,ocaml,4,15000,567,1.484,992,49, 09/30/2004
message,oz, ,15000,360,3.024,4312,0, 09/30/2004
message,pike, ,15000,226,217.770,10540,16, 09/30/2004
message,python, ,15000,160,13.845,2652,16, 09/30/2004
message,ruby, ,15000,177,3739.180,10032,17, 09/30/2004
message,ruby,2,15000,149,66.700,3956,15, 09/30/2004
message,sbcl, ,15000,1107,0.300,29288,100, 09/30/2004
message,scala, ,15000,400,295.390,46160,26, 09/30/2004
message,scala,2,15000,380,19.940,146060,19, 09/30/2004
message,se, ,15000,723,0.588,508,115, 09/30/2004
message,smlnj, ,15000,429,6.180,5576,21, 09/30/2004
message,squeak, ,15000,598,44.811,23280,6, 09/30/2004
message,tcl, ,15000,271,-2,-2,20, 09/30/2004
message,tcl,2,15000,227,236.591,56212,12, 09/30/2004
message,vw,2,15000,568,42.890,18640,67, 09/30/2004
message,yarv, ,15000,177,-2,-2,17, 09/30/2004
meteor,bigforth, ,2098,1222,0.570,1084,158, 09/30/2004
meteor,bigforth,2,2098,1085,3.710,700,144, 09/30/2004
meteor,bigforth,3,2098,1060,1.590,700,129, 09/30/2004
meteor,bigforth,4,2098,1060,1.130,704,129, 09/30/2004
meteor,clean, ,2098,2877,0.680,2536,215, 09/30/2004
meteor,dlang, ,2098,2432,22.490,584,371, 09/30/2004
meteor,dlang,2,2098,2550,5.810,828,362, 09/30/2004
meteor,fbasic, ,2098,3632,21.040,1224,0, 09/30/2004
meteor,gforth, ,2098,1222,2.770,1080,158, 09/30/2004
meteor,gforth,3,2098,1060,8.590,792,129, 09/30/2004
meteor,gforth,4,2098,1060,5.650,792,129, 09/30/2004
meteor,ghc, ,2098,2186,5.310,2936,170, 09/30/2004
meteor,ghc,2,2098,1872,4.020,2888,148, 09/30/2004
meteor,ghc,3,2098,1790,3.280,3932,134, 09/30/2004
meteor,gpp, ,2098,4306,0.280,1256,409, 09/30/2004
meteor,gpp,2,2098,4047,0.720,772,398, 09/30/2004
meteor,gpp,3,2098,4829,0.170,788,487, 09/30/2004
meteor,gpp,4,2098,5295,0.140,800,512, 09/30/2004
meteor,iron, ,2098,1402,78.310,23068,153, 09/30/2004
meteor,java, ,2098,4355,1.820,12412,310, 09/30/2004
meteor,javaclient, ,2098,4355,1.550,9556,310, 09/30/2004
meteor,javaxint, ,2098,4355,22.850,9600,310, 09/30/2004
meteor,lua, ,2098,1405,6.300,1604,121, 09/30/2004
meteor,lua,2,2098,1466,3.040,1492,127, 09/30/2004
meteor,lua,3,2098,1507,3.050,1492,131, 09/30/2004
meteor,lua,4,2098,2036,2.210,2004,178, 09/30/2004
meteor,luajit, ,2098,1405,2.680,3976,121, 09/30/2004
meteor,luajit,2,2098,1466,1.410,3848,127, 09/30/2004
meteor,luajit,3,2098,1507,1.350,3484,131, 09/30/2004
meteor,luajit,4,2098,2036,1.100,3924,178, 09/30/2004
meteor,ooc, ,2098,3113,9.530,2096,489, 09/30/2004
meteor,php, ,2098,2566,-1,-1,326, 09/30/2004
meteor,python, ,2098,1402,44.030,20604,153, 09/30/2004
meteor,ruby, ,2098,2818,145.890,2868,333, 09/30/2004
meteor,ruby,2,2098,2827,110.400,2700,336, 09/30/2004
meteor,scala, ,2098,2348,503.070,16944,279, 09/30/2004
meteor,scala,2,2098,2339,302.900,16928,277, 09/30/2004
meteor,scala,3,2098,2383,80.250,16820,320, 09/30/2004
meteor,scala,4,2098,2576,14.760,20540,343, 09/30/2004
meteor,yarv, ,2098,2818,-2,-2,333, 09/30/2004
nbody,bigforth, ,20000000,1104,50.999,720,93, 09/30/2004
nbody,chicken, ,20000000,1590,-2,-2,0, 09/30/2004
nbody,chicken,3,20000000,1356,548.340,2440,114, 09/30/2004
nbody,cint, ,20000000,1157,-1,-1,103, 09/30/2004
nbody,clean, ,20000000,1571,17.281,520,95, 09/30/2004
nbody,cmucl, ,20000000,1347,-2,-2,111, 09/30/2004
nbody,csharp, ,20000000,1387,29.820,5068,117, 09/30/2004
nbody,csharp,2,20000000,1394,43.110,5060,121, 09/30/2004
nbody,csharpaot, ,20000000,1387,46.700,4480,117, 09/30/2004
nbody,csharpaot,2,20000000,1394,41.100,4488,121, 09/30/2004
nbody,dlang, ,20000000,1292,20.570,668,104, 09/30/2004
nbody,erlang, ,20000000,1479,681.040,4412,130, 09/30/2004
nbody,fbasic,4,20000000,1414,37.114,760,0, 09/30/2004
nbody,fpascal, ,20000000,1298,22.869,276,124, 09/30/2004
nbody,g95, ,20000000,1373,20.305,504,117, 09/30/2004
nbody,gcc, ,20000000,1157,14.937,396,103, 09/30/2004
nbody,gcj, ,20000000,1388,16.390,16020,117, 09/30/2004
nbody,gforth, ,20000000,1078,395.573,864,91, 09/30/2004
nbody,ghc,4,20000000,1671,40.050,2000,134, 09/30/2004
nbody,gnat, ,20000000,1592,26.866,476,137, 09/30/2004
nbody,gpp, ,20000000,1333,15.893,848,127, 09/30/2004
nbody,gpp,2,20000000,1689,14.769,908,141, 09/30/2004
nbody,groovy, ,20000000,1177,-2,-2,56, 09/30/2004
nbody,gst,2,20000000,1735,1383.230,8508,157, 09/30/2004
nbody,hipe, ,20000000,1479,475.860,4480,130, 09/30/2004
nbody,icon, ,20000000,1271,2042.736,1228,104, 09/30/2004
nbody,ifc, ,20000000,1373,-2,-2,117, 09/30/2004
nbody,iron, ,20000000,1137,5913.530,22484,97, 09/30/2004
nbody,java, ,20000000,1414,16.820,10644,120, 09/30/2004
nbody,java14, ,20000000,1388,16.220,10248,117, 09/30/2004
nbody,java5, ,20000000,1414,16.760,12156,120, 09/30/2004
nbody,javaclient, ,20000000,1414,20.610,10324,120, 09/30/2004
nbody,javascript, ,20000000,1271,3392.744,66596,119, 09/30/2004
nbody,javaxint, ,20000000,1414,694.600,8536,120, 09/30/2004
nbody,lua,2,20000000,1249,533.285,856,102, 09/30/2004
nbody,luajit,2,20000000,1249,126.020,964,102, 09/30/2004
nbody,mlton,2,20000000,1311,25.794,704,68, 09/30/2004
nbody,mzscheme, ,20000000,1590,2181.610,4252,126, 09/30/2004
nbody,neko, ,20000000,1218,1931.517,1508,0, 09/30/2004
nbody,nice, ,20000000,1288,28.670,12884,96, 09/30/2004
nbody,nice,2,20000000,1297,17.290,12280,96, 09/30/2004
nbody,ocaml, ,20000000,1223,39.198,628,89, 09/30/2004
nbody,ooc, ,20000000,1449,14.601,1696,116, 09/30/2004
nbody,oz, ,20000000,1453,1251.414,4380,0, 09/30/2004
nbody,perl, ,20000000,1134,1651.955,1884,65, 09/30/2004
nbody,php, ,20000000,1273,2393.818,5468,111, 09/30/2004
nbody,pike, ,20000000,1244,-2,-2,72, 09/30/2004
nbody,psyco,4,20000000,1169,331.197,3648,96, 09/30/2004
nbody,python, ,20000000,1137,2405.874,2360,97, 09/30/2004
nbody,rebol, ,20000000,1148,13368.844,2780,112, 09/30/2004
nbody,regina, ,20000000,1501,-2,-2,114, 09/30/2004
nbody,rhino, ,20000000,1271,1999.757,13692,119, 09/30/2004
nbody,ruby,2,20000000,1142,4847.570,1712,110, 09/30/2004
nbody,sbcl, ,20000000,1347,22.600,7680,111, 09/30/2004
nbody,scala,2,20000000,1414,17.120,16728,100, 09/30/2004
nbody,se, ,20000000,1449,15.030,520,222, 09/30/2004
nbody,smlnj, ,20000000,1298,21.510,2624,70, 09/30/2004
nbody,squeak, ,20000000,1820,1834.943,15328,5, 09/30/2004
nbody,swiprolog, ,20000000,1570,8683.691,2524,83, 09/30/2004
nbody,tcl,2,20000000,1438,2991.383,1436,90, 09/30/2004
nbody,vw, ,20000000,1710,485.930,12952,169, 09/30/2004
nbody,yarv,2,20000000,1142,2419.640,2244,110, 09/30/2004
nsieve,bigforth, ,9,202,2.210,6708,15, 09/30/2004
nsieve,chicken, ,9,345,4.610,32180,31, 09/30/2004
nsieve,cint, ,9,308,28.180,8820,20, 09/30/2004
nsieve,clean, ,9,378,2.130,9328,34, 09/30/2004
nsieve,cmucl,2,9,335,-2,-2,16, 09/30/2004
nsieve,csharp, ,9,325,2.280,9616,21, 09/30/2004
nsieve,csharpaot, ,9,325,2.240,9044,21, 09/30/2004
nsieve,dlang,3,9,282,2.120,5768,16, 09/30/2004
nsieve,erlang, ,9,304,21.290,359468,21, 09/30/2004
nsieve,fbasic, ,9,317,2.150,5740,0, 09/30/2004
nsieve,fpascal,3,9,285,2.140,5128,1, 09/30/2004
nsieve,g95,2,9,319,2.160,5504,28, 09/30/2004
nsieve,gcc, ,9,305,2.120,5320,20, 09/30/2004
nsieve,gcj, ,9,436,2.290,20972,28, 09/30/2004
nsieve,gforth, ,9,202,2.930,5796,15, 09/30/2004
nsieve,ghc, ,9,365,2.150,5956,21, 09/30/2004
nsieve,ghc,4,9,324,1.140,1896,22, 09/30/2004
nsieve,gnat, ,9,412,2.110,5452,38, 09/30/2004
nsieve,gpp, ,9,414,2.110,5876,26, 09/30/2004
nsieve,gpp,2,9,363,1.300,1480,28, 09/30/2004
nsieve,gpp,3,9,297,2.110,5772,26, 09/30/2004
nsieve,gpp,4,9,363,2.130,5772,27, 09/30/2004
nsieve,groovy, ,9,268,-2,-2,20, 09/30/2004
nsieve,gst, ,9,346,7.000,42516,28, 09/30/2004
nsieve,hipe, ,9,304,18.990,366444,21, 09/30/2004
nsieve,icon,2,9,220,6.860,40720,13, 09/30/2004
nsieve,ifc,2,9,319,-2,-2,28, 09/30/2004
nsieve,iron, ,9,269,43.390,91448,23, 09/30/2004
nsieve,java, ,9,436,2.520,14640,28, 09/30/2004
nsieve,java,2,9,277,2.420,18528,15, 09/30/2004
nsieve,java14, ,9,436,2.370,14352,28, 09/30/2004
nsieve,java5, ,9,436,2.440,16100,28, 09/30/2004
nsieve,javaclient, ,9,436,2.280,17544,28, 09/30/2004
nsieve,javaclient,2,9,277,2.280,23592,15, 09/30/2004
nsieve,javascript, ,9,324,83.310,195032,24, 09/30/2004
nsieve,javaxint, ,9,436,3.290,13272,28, 09/30/2004
nsieve,javaxint,2,9,277,3.220,17192,15, 09/30/2004
nsieve,lua,3,9,242,10.540,99264,24, 09/30/2004
nsieve,luajit,3,9,242,6.770,132080,24, 09/30/2004
nsieve,mlton,2,9,351,3.090,36188,15, 09/30/2004
nsieve,mzscheme, ,9,441,3.650,39016,37, 09/30/2004
nsieve,neko, ,9,277,3.770,21212,0, 09/30/2004
nsieve,nice, ,9,332,2.460,15580,23, 09/30/2004
nsieve,ocaml,3,9,376,2.570,35664,21, 09/30/2004
nsieve,ooc, ,9,365,2.110,6636,36, 09/30/2004
nsieve,oz, ,9,392,6.400,47532,0, 09/30/2004
nsieve,perl, ,9,277,29.030,108844,20, 09/30/2004
nsieve,php, ,9,234,30.890,478032,18, 09/30/2004
nsieve,php,2,9,205,14.050,10288,15, 09/30/2004
nsieve,pike, ,9,250,12.630,63324,20, 09/30/2004
nsieve,psyco,2,9,211,4.250,22908,16, 09/30/2004
nsieve,python, ,9,269,9.400,34640,23, 09/30/2004
nsieve,rebol, ,9,393,163.310,126648,35, 09/30/2004
nsieve,regina, ,9,275,-2,-2,19, 09/30/2004
nsieve,rhino, ,9,324,-2,-2,24, 09/30/2004
nsieve,ruby, ,9,254,41.360,30408,26, 09/30/2004
nsieve,sbcl,2,9,335,3.130,27660,16, 09/30/2004
nsieve,scala,2,9,376,2.850,20680,26, 09/30/2004
nsieve,scala,3,9,389,3.750,20960,23, 09/30/2004
nsieve,scala,4,9,384,16.750,206224,23, 09/30/2004
nsieve,se, ,9,403,2.130,5412,33, 09/30/2004
nsieve,smlnj, ,9,458,2.280,15872,20, 09/30/2004
nsieve,squeak, ,9,420,22.340,35312,16, 09/30/2004
nsieve,swiprolog, ,9,544,-2,-2,40, 09/30/2004
nsieve,swiprolog,2,9,493,80.030,159136,29, 09/30/2004
nsieve,tcl, ,9,279,26.270,21548,17, 09/30/2004
nsieve,vw,2,9,589,3.800,32916,42, 09/30/2004
nsieve,yarv, ,9,254,-2,-2,26, 09/30/2004
nsievebits,bigforth, ,11,237,9.500,3696,19, 09/30/2004
nsievebits,chicken, ,11,630,42.340,11264,54, 09/30/2004
nsievebits,cint, ,11,477,472.000,6344,40, 09/30/2004
nsievebits,clean, ,11,448,6.540,4860,37, 09/30/2004
nsievebits,cmucl,2,11,360,-2,-2,21, 09/30/2004
nsievebits,csharp, ,11,347,7.710,7116,22, 09/30/2004
nsievebits,csharpaot, ,11,347,7.760,6540,22, 09/30/2004
nsievebits,dlang,2,11,378,4.030,3188,26, 09/30/2004
nsievebits,erlang,2,11,398,37.750,8028,22, 09/30/2004
nsievebits,fbasic, ,11,611,1.260,1984,0, 09/30/2004
nsievebits,fbasic,2,11,339,10.230,3268,0, 09/30/2004
nsievebits,fpascal, ,11,345,6.650,2636,33, 09/30/2004
nsievebits,fpascal,2,11,460,4.330,2768,45, 09/30/2004
nsievebits,g95, ,11,390,7.690,3004,35, 09/30/2004
nsievebits,gcc, ,11,493,8.790,2860,41, 09/30/2004
nsievebits,gcc,2,11,418,3.940,2896,24, 09/30/2004
nsievebits,gcc,3,11,425,3.890,5320,32, 09/30/2004
nsievebits,gcj, ,11,462,9.680,18464,32, 09/30/2004
nsievebits,gforth, ,11,237,43.480,3284,19, 09/30/2004
nsievebits,ghc,4,11,324,6.950,3456,22, 09/30/2004
nsievebits,gnat,2,11,429,6.660,5452,39, 09/30/2004
nsievebits,gpp, ,11,478,3.920,3308,34, 09/30/2004
nsievebits,gpp,2,11,279,21.900,3272,22, 09/30/2004
nsievebits,gpp,3,11,277,6.510,3272,23, 09/30/2004
nsievebits,groovy, ,11,262,-2,-2,17, 09/30/2004
nsievebits,gst, ,11,622,62.920,12420,53, 09/30/2004
nsievebits,hipe,2,11,398,14.780,8084,22, 09/30/2004
nsievebits,ifc, ,11,390,-2,-2,35, 09/30/2004
nsievebits,iron,2,11,320,242.470,48284,28, 09/30/2004
nsievebits,java, ,11,462,8.840,12292,32, 09/30/2004
nsievebits,java14, ,11,462,8.730,12160,32, 09/30/2004
nsievebits,java5, ,11,462,8.640,13992,32, 09/30/2004
nsievebits,javaclient, ,11,462,16.760,10188,32, 09/30/2004
nsievebits,javascript, ,11,306,202.020,91020,18, 09/30/2004
nsievebits,javaxint, ,11,462,145.130,10472,32, 09/30/2004
nsievebits,lua, ,11,410,94.250,7104,32, 09/30/2004
nsievebits,luajit, ,11,410,28.150,9204,32, 09/30/2004
nsievebits,mlton,2,11,472,6.820,5128,15, 09/30/2004
nsievebits,mzscheme, ,11,613,11.180,6388,50, 09/30/2004
nsievebits,nice, ,11,347,10.190,13464,24, 09/30/2004
nsievebits,ocaml,3,11,423,4.530,5000,27, 09/30/2004
nsievebits,oz, ,11,406,25.460,17000,0, 09/30/2004
nsievebits,perl, ,11,237,94.270,3976,18, 09/30/2004
nsievebits,php, ,11,334,283.280,64464,23, 09/30/2004
nsievebits,php,2,11,301,118.520,64396,22, 09/30/2004
nsievebits,pike, ,11,290,289.050,43300,20, 09/30/2004
nsievebits,psyco,2,11,278,26.090,13308,22, 09/30/2004
nsievebits,python,2,11,320,131.250,12316,28, 09/30/2004
nsievebits,regina, ,11,203,-2,-2,23, 09/30/2004
nsievebits,rhino, ,11,306,192.310,82660,18, 09/30/2004
nsievebits,ruby,2,11,330,568.420,6020,30, 09/30/2004
nsievebits,sbcl,2,11,360,7.460,11980,21, 09/30/2004
nsievebits,scala, ,11,374,6.020,18692,25, 09/30/2004
nsievebits,scala,2,11,371,6.500,18476,23, 09/30/2004
nsievebits,scala,3,11,377,9.300,20632,21, 09/30/2004
nsievebits,se, ,11,529,6.400,2908,50, 09/30/2004
nsievebits,smlnj, ,11,538,10.380,14976,26, 09/30/2004
nsievebits,swiprolog, ,11,657,-2,-2,45, 09/30/2004
nsievebits,tcl,2,11,421,267.460,71428,21, 09/30/2004
nsievebits,vw,2,11,884,17.840,17288,72, 09/30/2004
nsievebits,yarv,2,11,330,-2,-2,30, 09/30/2004
partialsums,bigforth, ,2500000,452,2.370,712,17, 09/30/2004
partialsums,chicken, ,2500000,476,8.310,2292,34, 09/30/2004
partialsums,cint, ,2500000,385,31.210,3844,38, 09/30/2004
partialsums,clean,2,2500000,471,3.990,504,25, 09/30/2004
partialsums,cmucl,2,2500000,489,-2,-2,57, 09/30/2004
partialsums,csharp, ,2500000,439,6.320,3820,29, 09/30/2004
partialsums,csharpaot, ,2500000,439,7.140,3256,29, 09/30/2004
partialsums,dlang,4,2500000,424,3.880,556,25, 09/30/2004
partialsums,erlang, ,2500000,472,14.990,4384,28, 09/30/2004
partialsums,fbasic, ,2500000,374,4.080,752,0, 09/30/2004
partialsums,fpascal, ,2500000,480,4.330,276,38, 09/30/2004
partialsums,fpascal,2,2500000,609,3.670,124,65, 09/30/2004
partialsums,g95, ,2500000,449,2.200,524,39, 09/30/2004
partialsums,g95,2,2500000,509,4.170,516,33, 09/30/2004
partialsums,gcc, ,2500000,463,3.320,416,45, 09/30/2004
partialsums,gcc,3,2500000,383,4.240,452,39, 09/30/2004
partialsums,gcc,4,2500000,699,4.120,352,41, 09/30/2004
partialsums,gcj, ,2500000,513,7.540,15996,28, 09/30/2004
partialsums,gforth, ,2500000,433,9.550,864,16, 09/30/2004
partialsums,ghc, ,2500000,450,5.490,788,24, 09/30/2004
partialsums,ghc,2,2500000,450,4.930,1916,24, 09/30/2004
partialsums,gnat,2,2500000,648,6.920,452,54, 09/30/2004
partialsums,gpp, ,2500000,404,4.240,904,16, 09/30/2004
partialsums,gpp,2,2500000,693,3.320,936,52, 09/30/2004
partialsums,groovy, ,2500000,417,-2,-2,27, 09/30/2004
partialsums,gst, ,2500000,513,25.270,7612,38, 09/30/2004
partialsums,gst,2,2500000,589,18.860,7572,39, 09/30/2004
partialsums,gst,3,2500000,648,18.630,7220,41, 09/30/2004
partialsums,hipe, ,2500000,472,11.500,4448,28, 09/30/2004
partialsums,icon, ,2500000,388,27.190,2168,31, 09/30/2004
partialsums,ifc, ,2500000,449,-2,-2,39, 09/30/2004
partialsums,ifc,2,2500000,509,-2,-2,33, 09/30/2004
partialsums,iron, ,2500000,410,147.980,21672,36, 09/30/2004
partialsums,iron,3,2500000,384,145.970,21492,30, 09/30/2004
partialsums,java,2,2500000,454,12.040,9356,29, 09/30/2004
partialsums,java14, ,2500000,513,11.610,9948,28, 09/30/2004
partialsums,java5,2,2500000,454,8.470,10912,29, 09/30/2004
partialsums,javaclient,2,2500000,454,12.150,10132,29, 09/30/2004
partialsums,javascript,2,2500000,364,54.210,66604,29, 09/30/2004
partialsums,javaxint,2,2500000,454,18.500,8060,29, 09/30/2004
partialsums,lua,2,2500000,421,7.490,888,30, 09/30/2004
partialsums,lua,3,2500000,377,7.790,832,27, 09/30/2004
partialsums,luajit,2,2500000,421,4.140,992,30, 09/30/2004
partialsums,luajit,3,2500000,377,2.190,912,27, 09/30/2004
partialsums,mlton,2,2500000,525,4.320,712,20, 09/30/2004
partialsums,mzscheme, ,2500000,635,-2,-2,49, 09/30/2004
partialsums,nice, ,2500000,412,12.070,10404,30, 09/30/2004
partialsums,ocaml, ,2500000,393,4.850,804,35, 09/30/2004
partialsums,ocaml,2,2500000,416,6.640,952,22, 09/30/2004
partialsums,ooc, ,2500000,532,5.030,1664,38, 09/30/2004
partialsums,oz, ,2500000,514,19.460,4384,0, 09/30/2004
partialsums,perl,3,2500000,370,16.800,1456,23, 09/30/2004
partialsums,php, ,2500000,351,18.460,5444,31, 09/30/2004
partialsums,pike, ,2500000,370,13.090,3356,24, 09/30/2004
partialsums,psyco,2,2500000,378,15.080,3004,29, 09/30/2004
partialsums,python, ,2500000,410,28.880,2396,36, 09/30/2004
partialsums,python,3,2500000,384,39.390,2392,30, 09/30/2004
partialsums,rebol, ,2500000,581,-2,-2,48, 09/30/2004
partialsums,regina, ,2500000,746,-2,-2,66, 09/30/2004
partialsums,regina,2,2500000,788,-2,-2,69, 09/30/2004
partialsums,rhino,2,2500000,364,83.620,12508,29, 09/30/2004
partialsums,ruby, ,2500000,346,58.940,1640,24, 09/30/2004
partialsums,sbcl,2,2500000,489,4.140,8144,57, 09/30/2004
partialsums,scala, ,2500000,497,12.110,15576,28, 09/30/2004
partialsums,scala,2,2500000,477,10.050,15344,37, 09/30/2004
partialsums,se, ,2500000,661,4.100,420,61, 09/30/2004
partialsums,smlnj, ,2500000,553,1.820,3456,57, 09/30/2004
partialsums,squeak, ,2500000,650,-2,-2,3, 09/30/2004
partialsums,swiprolog, ,2500000,719,54.310,2532,41, 09/30/2004
partialsums,tcl, ,2500000,434,26.140,1412,30, 09/30/2004
partialsums,vw,2,2500000,747,11.210,12904,51, 09/30/2004
partialsums,yarv, ,2500000,346,30.890,2164,24, 09/30/2004
pidigits,bigforth,2,2500,563,5.260,768,67, 09/30/2004
pidigits,chicken, ,2500,460,-2,-2,40, 09/30/2004
pidigits,chicken,2,2500,626,-2,-2,0, 09/30/2004
pidigits,chicken,3,2500,1300,2.090,2380,3, 09/30/2004
pidigits,clean, ,2500,514,3.070,2364,31, 09/30/2004
pidigits,clean,2,2500,547,3.440,2624,32, 09/30/2004
pidigits,csharp, ,2500,1131,12.810,6608,126, 09/30/2004
pidigits,csharpaot, ,2500,1131,12.590,6012,126, 09/30/2004
pidigits,dlang,3,2500,740,1.680,808,74, 09/30/2004
pidigits,erlang, ,2500,543,4.490,10680,34, 09/30/2004
pidigits,fbasic, ,2500,692,1.690,920,0, 09/30/2004
pidigits,fpascal, ,2500,3030,5.510,908,459, 09/30/2004
pidigits,fpascal,2,2500,769,1.650,860,101, 09/30/2004
pidigits,g95, ,2500,1752,-2,-2,223, 09/30/2004
pidigits,gcc, ,2500,664,1.690,576,69, 09/30/2004
pidigits,gcj, ,2500,784,14.200,21268,78, 09/30/2004
pidigits,gforth,2,2500,565,23.970,868,67, 09/30/2004
pidigits,ghc, ,2500,361,2.890,2880,13, 09/30/2004
pidigits,gnat, ,2500,1127,1.660,660,125, 09/30/2004
pidigits,gpp,2,2500,636,1.690,1044,62, 09/30/2004
pidigits,groovy, ,2500,480,-2,-2,50, 09/30/2004
pidigits,gst, ,2500,872,13.030,158732,105, 09/30/2004
pidigits,hipe, ,2500,543,4.350,5512,34, 09/30/2004
pidigits,icon, ,2500,361,7.630,2164,30, 09/30/2004
pidigits,ifc, ,2500,1752,-2,-2,223, 09/30/2004
pidigits,iron, ,2500,391,-2,-2,30, 09/30/2004
pidigits,java, ,2500,784,11.730,18160,78, 09/30/2004
pidigits,java14, ,2500,784,12.630,18300,78, 09/30/2004
pidigits,java5, ,2500,784,12.140,20232,78, 09/30/2004
pidigits,javaclient, ,2500,784,12.620,9656,78, 09/30/2004
pidigits,javaxint, ,2500,784,106.340,9744,78, 09/30/2004
pidigits,lua, ,2500,813,-2,-2,114, 09/30/2004
pidigits,lua,2,2500,989,36.710,1140,76, 09/30/2004
pidigits,luajit, ,2500,813,-2,-2,114, 09/30/2004
pidigits,luajit,2,2500,989,9.270,1412,76, 09/30/2004
pidigits,mlton,2,2500,482,3.530,2236,28, 09/30/2004
pidigits,mzscheme, ,2500,448,16.000,4636,32, 09/30/2004
pidigits,mzscheme,2,2500,626,-2,-2,43, 09/30/2004
pidigits,nice, ,2500,651,14.030,30252,60, 09/30/2004
pidigits,ocaml,2,2500,494,5.370,1076,34, 09/30/2004
pidigits,oz, ,2500,531,5.800,4236,0, 09/30/2004
pidigits,perl, ,2500,436,14.530,3280,29, 09/30/2004
pidigits,php, ,2500,720,91.560,5956,73, 09/30/2004
pidigits,php,2,2500,521,2.260,6800,50, 09/30/2004
pidigits,pike, ,2500,377,2.920,3480,24, 09/30/2004
pidigits,psyco, ,2500,404,8.480,3312,31, 09/30/2004
pidigits,python, ,2500,391,8.430,2524,30, 09/30/2004
pidigits,regina, ,2500,383,-2,-2,32, 09/30/2004
pidigits,ruby, ,2500,524,10.380,10856,69, 09/30/2004
pidigits,sbcl,2,2500,629,6.380,25836,49, 09/30/2004
pidigits,scala, ,2500,445,-2,-2,28, 09/30/2004
pidigits,se, ,2500,968,3.570,836,175, 09/30/2004
pidigits,smlnj, ,2500,661,2407.430,5564,40, 09/30/2004
pidigits,squeak, ,2500,999,15.890,26924,6, 09/30/2004
pidigits,swiprolog, ,2500,602,2.990,10736,32, 09/30/2004
pidigits,tcl,2,2500,596,-2,-2,45, 09/30/2004
pidigits,vw,2,2500,959,10.850,21728,111, 09/30/2004
pidigits,yarv, ,2500,524,10.380,10348,69, 09/30/2004
recursive,bigforth, ,11,402,8.970,868,35, 09/30/2004
recursive,chicken, ,11,495,42.050,2736,30, 09/30/2004
recursive,cint, ,11,387,-1,-1,31, 09/30/2004
recursive,clean,3,11,411,3.930,616,27, 09/30/2004
recursive,clean,4,11,406,3.920,620,31, 09/30/2004
recursive,cmucl,3,11,507,-2,-2,54, 09/30/2004
recursive,csharp, ,11,419,9.590,5492,25, 09/30/2004
recursive,csharpaot, ,11,419,15.450,4912,25, 09/30/2004
recursive,dlang,2,11,333,6.400,1172,18, 09/30/2004
recursive,erlang, ,11,340,58.480,4724,18, 09/30/2004
recursive,fbasic,2,11,433,7.970,1060,0, 09/30/2004
recursive,fpascal,3,11,437,6.930,520,47, 09/30/2004
recursive,g95, ,11,604,10.940,1200,64, 09/30/2004
recursive,gcc, ,11,387,2.660,496,31, 09/30/2004
recursive,gcc,2,11,409,2.580,496,29, 09/30/2004
recursive,gcj, ,11,481,8.200,16252,28, 09/30/2004
recursive,gforth, ,11,369,43.840,960,33, 09/30/2004
recursive,ghc,5,11,431,8.130,1392,25, 09/30/2004
recursive,gnat, ,11,582,3.690,564,66, 09/30/2004
recursive,gpp, ,11,329,2.660,940,15, 09/30/2004
recursive,gpp,2,11,550,2.400,988,35, 09/30/2004
recursive,groovy, ,11,357,-2,-2,25, 09/30/2004
recursive,gst,2,11,465,-2,-2,45, 09/30/2004
recursive,hipe, ,11,340,59.420,4628,18, 09/30/2004
recursive,icon, ,11,295,-2,-2,23, 09/30/2004
recursive,ifc, ,11,604,-2,-2,64, 09/30/2004
recursive,iron, ,11,344,255.310,25140,24, 09/30/2004
recursive,java, ,11,411,7.160,10684,25, 09/30/2004
recursive,java14, ,11,481,4.930,10412,28, 09/30/2004
recursive,java5, ,11,411,5.160,12172,25, 09/30/2004
recursive,javaclient, ,11,411,9.550,10692,25, 09/30/2004
recursive,javascript, ,11,290,-2,-2,16, 09/30/2004
recursive,javaxint, ,11,411,59.740,9220,25, 09/30/2004
recursive,lua, ,11,314,114.660,2268,20, 09/30/2004
recursive,luajit, ,11,314,49.290,2924,20, 09/30/2004
recursive,mlton,2,11,437,8.300,1356,14, 09/30/2004
recursive,mzscheme, ,11,539,76.570,5056,34, 09/30/2004
recursive,neko, ,11,363,90.920,3304,0, 09/30/2004
recursive,nice, ,11,361,23.550,42880,17, 09/30/2004
recursive,ocaml,2,11,373,7.650,1112,19, 09/30/2004
recursive,ooc, ,11,489,2.530,1784,41, 09/30/2004
recursive,oz, ,11,558,83.230,6136,0, 09/30/2004
recursive,oz,2,11,484,90.400,6132,0, 09/30/2004
recursive,perl,2,11,369,844.740,10788,35, 09/30/2004
recursive,php,2,11,299,1101.430,17932,18, 09/30/2004
recursive,pike, ,11,387,146.260,5320,25, 09/30/2004
recursive,psyco, ,11,338,28.990,3468,24, 09/30/2004
recursive,python, ,11,344,641.650,14220,24, 09/30/2004
recursive,rebol, ,11,488,-2,-2,34, 09/30/2004
recursive,regina, ,11,321,-2,-2,18, 09/30/2004
recursive,rhino, ,11,290,-2,-2,16, 09/30/2004
recursive,ruby,2,11,285,1503.500,48356,30, 09/30/2004
recursive,sbcl,3,11,507,-1,-1,54, 09/30/2004
recursive,scala, ,11,404,6.510,16504,21, 09/30/2004
recursive,se, ,11,563,2.640,588,71, 09/30/2004
recursive,smlnj, ,11,569,9.580,5248,54, 09/30/2004
recursive,squeak, ,11,586,1142.260,16476,18, 09/30/2004
recursive,swiprolog, ,11,571,348.210,3320,56, 09/30/2004
recursive,tcl, ,11,445,1044.830,28868,28, 09/30/2004
recursive,vw,2,11,699,156.930,32604,56, 09/30/2004
recursive,yarv,2,11,285,-2,-2,30, 09/30/2004
regexdna,bigforth,2,500000,691,19.410,54796,84, 09/30/2004
regexdna,chicken, ,500000,611,-1,-1,38, 09/30/2004
regexdna,cint, ,500000,1085,-2,-2,103, 09/30/2004
regexdna,cmucl, ,500000,552,-2,-2,41, 09/30/2004
regexdna,csharp, ,500000,608,36.290,107104,50, 09/30/2004
regexdna,csharpaot, ,500000,608,35.390,120584,50, 09/30/2004
regexdna,dlang,2,500000,490,8.400,117492,27, 09/30/2004
regexdna,dlang,3,500000,1006,5.890,36880,76, 09/30/2004
regexdna,erlang, ,500000,606,-1,-1,44, 09/30/2004
regexdna,fbasic, ,500000,1118,6.600,57612,0, 09/30/2004
regexdna,g95, ,500000,2409,33.170,42200,261, 09/30/2004
regexdna,gcc,2,500000,1083,6.410,43892,87, 09/30/2004
regexdna,gcj, ,500000,641,378.000,177252,43, 09/30/2004
regexdna,ghc, ,500000,2635,11.840,11928,150, 09/30/2004
regexdna,ghc,3,500000,2640,92.950,165952,131, 09/30/2004
regexdna,gnat,3,500000,1217,58.780,95412,148, 09/30/2004
regexdna,gnat,4,500000,1336,18.200,73148,127, 09/30/2004
regexdna,gpp,2,500000,619,6.870,55520,45, 09/30/2004
regexdna,gpp,3,500000,1572,5.420,57456,140, 09/30/2004
regexdna,gst,2,500000,434,51.730,164616,30, 09/30/2004
regexdna,hipe, ,500000,606,-1,-1,44, 09/30/2004
regexdna,icon,2,500000,754,1.920,47536,57, 09/30/2004
regexdna,ifc, ,500000,2409,-2,-2,261, 09/30/2004
regexdna,iron, ,500000,326,35.110,166196,28, 09/30/2004
regexdna,java, ,500000,641,11.530,76332,43, 09/30/2004
regexdna,java14, ,500000,641,11.430,74368,43, 09/30/2004
regexdna,java5, ,500000,641,10.460,77328,43, 09/30/2004
regexdna,javaclient, ,500000,641,19.440,78548,43, 09/30/2004
regexdna,javascript, ,500000,349,17.120,219988,27, 09/30/2004
regexdna,javaxint, ,500000,641,182.980,72216,43, 09/30/2004
regexdna,lua,3,500000,411,9.140,73784,33, 09/30/2004
regexdna,luajit,3,500000,411,8.530,81956,33, 09/30/2004
regexdna,mzscheme, ,500000,819,7.410,152636,66, 09/30/2004
regexdna,nice,2,500000,621,11.000,66176,52, 09/30/2004
regexdna,ocaml,2,500000,599,5.150,105556,30, 09/30/2004
regexdna,oz,2,500000,582,-1,-1,0, 09/30/2004
regexdna,perl,2,500000,444,12.530,114472,28, 09/30/2004
regexdna,php,2,500000,659,10.380,112228,52, 09/30/2004
regexdna,pike, ,500000,884,-1,-1,47, 09/30/2004
regexdna,psyco, ,500000,339,5.710,76236,30, 09/30/2004
regexdna,python, ,500000,326,5.800,74104,28, 09/30/2004
regexdna,rhino, ,500000,576,-1,-1,33, 09/30/2004
regexdna,ruby, ,500000,307,9.480,31892,23, 09/30/2004
regexdna,sbcl, ,500000,552,-2,-2,41, 09/30/2004
regexdna,scala, ,500000,647,11.030,84368,53, 09/30/2004
regexdna,se, ,500000,751,26.080,119924,105, 09/30/2004
regexdna,tcl,2,500000,357,3.020,112068,28, 09/30/2004
regexdna,vw, ,500000,669,67.730,35840,48, 09/30/2004
regexdna,yarv, ,500000,307,8.060,26504,23, 09/30/2004
revcomp,bigforth, ,2500000,247,114.280,17404,17, 09/30/2004
revcomp,bigforth,2,2500000,339,1.880,17412,25, 09/30/2004
revcomp,chicken, ,2500000,784,41.800,33088,55, 09/30/2004
revcomp,cint,2,2500000,712,22.900,16384,64, 09/30/2004
revcomp,clean, ,2500000,818,1.240,43344,100, 09/30/2004
revcomp,cmucl, ,2500000,880,-2,-2,64, 09/30/2004
revcomp,csharp,2,2500000,711,2.170,25204,51, 09/30/2004
revcomp,csharpaot,2,2500000,711,2.170,25808,51, 09/30/2004
revcomp,dlang,2,2500000,669,0.640,13136,52, 09/30/2004
revcomp,erlang,2,2500000,436,43.000,399536,52, 09/30/2004
revcomp,fbasic,3,2500000,620,1.640,13184,0, 09/30/2004
revcomp,fpascal,2,2500000,729,1.050,13028,95, 09/30/2004
revcomp,g95,2,2500000,756,6.710,19684,73, 09/30/2004
revcomp,gcc,2,2500000,712,0.700,12980,64, 09/30/2004
revcomp,gcj,3,2500000,807,11.330,63764,65, 09/30/2004
revcomp,gforth, ,2500000,229,10.970,13256,16, 09/30/2004
revcomp,ghc, ,2500000,478,40.310,496724,49, 09/30/2004
revcomp,ghc,2,2500000,681,1.990,36868,46, 09/30/2004
revcomp,gnat, ,2500000,869,3.260,12928,88, 09/30/2004
revcomp,gpp, ,2500000,555,1.390,25412,37, 09/30/2004
revcomp,gpp,3,2500000,794,0.520,13268,72, 09/30/2004
revcomp,groovy, ,2500000,473,-2,-2,26, 09/30/2004
revcomp,gst, ,2500000,720,13.420,64568,55, 09/30/2004
revcomp,hipe,2,2500000,436,41.190,417548,52, 09/30/2004
revcomp,icon, ,2500000,271,5.990,60204,18, 09/30/2004
revcomp,ifc,2,2500000,756,-2,-2,73, 09/30/2004
revcomp,iron,3,2500000,272,18.550,243704,19, 09/30/2004
revcomp,java, ,2500000,847,2.790,55076,59, 09/30/2004
revcomp,java14,3,2500000,807,5.170,60412,65, 09/30/2004
revcomp,java5, ,2500000,847,2.960,43908,59, 09/30/2004
revcomp,javaclient, ,2500000,847,2.510,52896,59, 09/30/2004
revcomp,javascript, ,2500000,289,71.250,152284,19, 09/30/2004
revcomp,javaxint, ,2500000,847,19.460,52260,59, 09/30/2004
revcomp,lua, ,2500000,522,7.820,54136,34, 09/30/2004
revcomp,lua,3,2500000,577,9.080,25632,37, 09/30/2004
revcomp,luajit, ,2500000,522,5.170,44204,34, 09/30/2004
revcomp,luajit,3,2500000,577,5.720,23384,37, 09/30/2004
revcomp,mlton, ,2500000,821,1.650,36992,95, 09/30/2004
revcomp,mzscheme, ,2500000,564,4.200,49588,54, 09/30/2004
revcomp,nice,2,2500000,716,3.190,31496,53, 09/30/2004
revcomp,ocaml, ,2500000,524,1.020,44800,38, 09/30/2004
revcomp,ocaml,2,2500000,378,1.570,17680,22, 09/30/2004
revcomp,oz, ,2500000,635,21.300,319104,0, 09/30/2004
revcomp,perl,2,2500000,287,1.840,38316,20, 09/30/2004
revcomp,php, ,2500000,492,2.780,38428,34, 09/30/2004
revcomp,pike, ,2500000,321,7.710,28828,16, 09/30/2004
revcomp,psyco,2,2500000,330,1.630,44256,23, 09/30/2004
revcomp,python,3,2500000,272,2.400,41668,19, 09/30/2004
revcomp,rebol, ,2500000,348,132.540,50656,36, 09/30/2004
revcomp,regina, ,2500000,266,-2,-2,22, 09/30/2004
revcomp,regina,2,2500000,664,-2,-2,41, 09/30/2004
revcomp,rhino, ,2500000,451,-1,-1,26, 09/30/2004
revcomp,ruby, ,2500000,250,7.910,58720,19, 09/30/2004
revcomp,sbcl, ,2500000,880,0.830,30340,64, 09/30/2004
revcomp,scala,2,2500000,774,3.580,36120,57, 09/30/2004
revcomp,scala,3,2500000,1070,2.390,33668,87, 09/30/2004
revcomp,se, ,2500000,590,2.520,16924,82, 09/30/2004
revcomp,tcl, ,2500000,327,31.920,87692,22, 09/30/2004
revcomp,vw, ,2500000,828,6.140,50868,63, 09/30/2004
revcomp,vw,2,2500000,652,-2,-2,44, 09/30/2004
revcomp,yarv, ,2500000,250,-2,-2,19, 09/30/2004
spectralnorm,bigforth, ,5500,279,49.267,864,28, 09/30/2004
spectralnorm,chicken,2,5500,467,340.980,2744,41, 09/30/2004
spectralnorm,cint, ,5500,391,3748.350,4900,32, 09/30/2004
spectralnorm,cint,2,5500,410,-2,-2,34, 09/30/2004
spectralnorm,clean, ,5500,556,27.320,1404,54, 09/30/2004
spectralnorm,cmucl, ,5500,609,-2,-2,46, 09/30/2004
spectralnorm,csharp, ,5500,443,120.870,5000,33, 09/30/2004
spectralnorm,csharpaot, ,5500,443,46.430,4736,33, 09/30/2004
spectralnorm,dlang, ,5500,387,27.300,692,28, 09/30/2004
spectralnorm,erlang, ,5500,491,854.550,6376,34, 09/30/2004
spectralnorm,fbasic,2,5500,459,65.288,832,0, 09/30/2004
spectralnorm,fpascal, ,5500,407,26.518,512,1, 09/30/2004
spectralnorm,g95, ,5500,507,-2,-2,59, 09/30/2004
spectralnorm,g95,2,5500,497,31.810,676,55, 09/30/2004
spectralnorm,gcc, ,5500,366,27.290,432,28, 09/30/2004
spectralnorm,gcj, ,5500,497,27.460,16952,35, 09/30/2004
spectralnorm,gforth, ,5500,293,511.936,944,27, 09/30/2004
spectralnorm,ghc,2,5500,380,572.740,3996,22, 09/30/2004
spectralnorm,ghc,4,5500,703,62.060,1324,66, 09/30/2004
spectralnorm,gnat, ,5500,694,27.300,576,67, 09/30/2004
spectralnorm,gpp, ,5500,426,24.250,896,26, 09/30/2004
spectralnorm,gpp,2,5500,1039,24.990,928,89, 09/30/2004
spectralnorm,groovy, ,5500,409,-2,-2,31, 09/30/2004
spectralnorm,gst, ,5500,526,2476.110,13932,46, 09/30/2004
spectralnorm,hipe, ,5500,491,448.290,6428,34, 09/30/2004
spectralnorm,icon, ,5500,359,6217.053,1164,27, 09/30/2004
spectralnorm,ifc, ,5500,507,-2,-2,59, 09/30/2004
spectralnorm,ifc,2,5500,497,-2,-2,55, 09/30/2004
spectralnorm,iron,2,5500,266,3833.964,23476,23, 09/30/2004
spectralnorm,java, ,5500,498,25.290,10684,35, 09/30/2004
spectralnorm,java14, ,5500,497,24.910,10196,35, 09/30/2004
spectralnorm,java5, ,5500,498,24.860,11968,35, 09/30/2004
spectralnorm,javaclient, ,5500,498,62.290,9144,35, 09/30/2004
spectralnorm,javascript, ,5500,295,4240.657,66936,29, 09/30/2004
spectralnorm,javaxint, ,5500,498,556.670,9264,35, 09/30/2004
spectralnorm,lua,3,5500,312,708.904,1092,33, 09/30/2004
spectralnorm,luajit,3,5500,312,186.872,1364,33, 09/30/2004
spectralnorm,mlton, ,5500,428,40.743,1320,41, 09/30/2004
spectralnorm,nice, ,5500,368,24.560,11568,28, 09/30/2004
spectralnorm,ocaml, ,5500,353,32.100,1176,28, 09/30/2004
spectralnorm,ooc, ,5500,443,27.320,2036,51, 09/30/2004
spectralnorm,oz, ,5500,406,1624.126,5040,0, 09/30/2004
spectralnorm,perl,2,5500,324,3838.936,2424,35, 09/30/2004
spectralnorm,php, ,5500,299,2788.746,7336,29, 09/30/2004
spectralnorm,pike, ,5500,329,1041.861,3440,28, 09/30/2004
spectralnorm,psyco,2,5500,299,394.453,3420,37, 09/30/2004
spectralnorm,python,2,5500,266,2945.984,2808,23, 09/30/2004
spectralnorm,rebol, ,5500,503,-1,-1,60, 09/30/2004
spectralnorm,regina, ,5500,605,-2,-2,54, 09/30/2004
spectralnorm,rhino, ,5500,295,2374.600,16148,29, 09/30/2004
spectralnorm,ruby, ,5500,276,9862.170,2732,37, 09/30/2004
spectralnorm,sbcl, ,5500,609,26.200,9524,46, 09/30/2004
spectralnorm,scala,2,5500,448,24.860,15408,43, 09/30/2004
spectralnorm,se, ,5500,536,34.670,800,100, 09/30/2004
spectralnorm,smlnj, ,5500,601,35.510,4668,68, 09/30/2004
spectralnorm,squeak, ,5500,560,1994.717,18588,4, 09/30/2004
spectralnorm,swiprolog, ,5500,923,7664.567,2968,77, 09/30/2004
spectralnorm,tcl, ,5500,409,3737.922,2024,33, 09/30/2004
spectralnorm,vw,2,5500,620,453.460,14020,54, 09/30/2004
spectralnorm,yarv, ,5500,276,2844.310,2900,37, 09/30/2004
sumcol,bigforth, ,21000,134,22.530,8256,9, 09/30/2004
sumcol,chicken, ,21000,136,97.580,1816,7, 09/30/2004
sumcol,cint, ,21000,159,50.830,3800,11, 09/30/2004
sumcol,clean, ,21000,136,2.770,600,9, 09/30/2004
sumcol,cmucl, ,21000,324,-2,-2,17, 09/30/2004
sumcol,csharp, ,21000,182,10.970,4732,9, 09/30/2004
sumcol,csharpaot, ,21000,182,10.860,4300,9, 09/30/2004
sumcol,dlang,2,21000,153,6.240,712,8, 09/30/2004
sumcol,erlang, ,21000,155,577.900,98460,9, 09/30/2004
sumcol,fbasic,4,21000,117,8.590,844,0, 09/30/2004
sumcol,fpascal,2,21000,114,6.850,124,9, 09/30/2004
sumcol,g95, ,21000,115,43.430,480,11, 09/30/2004
sumcol,gambit, ,21000,97,-2,-2,7, 09/30/2004
sumcol,gcc, ,21000,159,5.640,444,11, 09/30/2004
sumcol,gcc,2,21000,516,4.470,316,55, 09/30/2004
sumcol,gcj, ,21000,249,14.550,18584,15, 09/30/2004
sumcol,gforth, ,21000,134,36.500,904,9, 09/30/2004
sumcol,ghc, ,21000,399,1.220,2224,27, 09/30/2004
sumcol,ghc,3,21000,160,20.350,2752,6, 09/30/2004
sumcol,ghc,4,21000,60,709.030,2852,1, 09/30/2004
sumcol,gnat, ,21000,224,10.170,588,15, 09/30/2004
sumcol,gpp,2,21000,244,6.460,848,15, 09/30/2004
sumcol,gpp,3,21000,141,9.250,832,7, 09/30/2004
sumcol,groovy, ,21000,72,-2,-2,4, 09/30/2004
sumcol,gst, ,21000,145,122.640,6796,6, 09/30/2004
sumcol,gst,2,21000,107,132.320,6836,3, 09/30/2004
sumcol,hipe, ,21000,155,579.620,98872,9, 09/30/2004
sumcol,icon, ,21000,69,15.310,1276,5, 09/30/2004
sumcol,ifc, ,21000,115,-2,-2,11, 09/30/2004
sumcol,iron, ,21000,61,90.890,21180,2, 09/30/2004
sumcol,java, ,21000,249,7.040,12052,15, 09/30/2004
sumcol,java14, ,21000,249,10.040,10836,15, 09/30/2004
sumcol,java5, ,21000,249,7.560,13300,15, 09/30/2004
sumcol,javaclient, ,21000,249,10.430,8756,15, 09/30/2004
sumcol,javascript, ,21000,58,101.790,20264,3, 09/30/2004
sumcol,javaxint, ,21000,249,221.800,8976,15, 09/30/2004
sumcol,lua, ,21000,66,20.210,952,5, 09/30/2004
sumcol,luajit, ,21000,66,17.070,1028,5, 09/30/2004
sumcol,mlton, ,21000,148,8.470,924,5, 09/30/2004
sumcol,mzscheme, ,21000,123,45.280,3844,6, 09/30/2004
sumcol,nice, ,21000,171,7.710,12460,8, 09/30/2004
sumcol,ocaml, ,21000,122,8.350,684,3, 09/30/2004
sumcol,occam, ,21000,184,835.950,2572,0, 09/30/2004
sumcol,ooc, ,21000,190,20.720,1628,16, 09/30/2004
sumcol,oz, ,21000,197,71.170,4008,0, 09/30/2004
sumcol,perl, ,21000,68,15.030,1448,4, 09/30/2004
sumcol,php, ,21000,130,45.140,5320,7, 09/30/2004
sumcol,pike,2,21000,190,11.930,3496,8, 09/30/2004
sumcol,psyco, ,21000,99,15.500,3120,8, 09/30/2004
sumcol,python, ,21000,61,18.040,2500,2, 09/30/2004
sumcol,rebol,2,21000,140,70.950,498584,8, 09/30/2004
sumcol,regina,2,21000,70,-2,-2,8, 09/30/2004
sumcol,rhino, ,21000,165,125.620,12576,8, 09/30/2004
sumcol,ruby, ,21000,59,76.030,2568,5, 09/30/2004
sumcol,sbcl, ,21000,324,9.660,8840,17, 09/30/2004
sumcol,sbcl,2,21000,325,2.470,8660,19, 09/30/2004
sumcol,scala, ,21000,150,8.080,16080,8, 09/30/2004
sumcol,scala,2,21000,156,8.090,16088,6, 09/30/2004
sumcol,scala,3,21000,226,-2,-2,11, 09/30/2004
sumcol,se, ,21000,188,7.400,376,23, 09/30/2004
sumcol,smlnj, ,21000,202,10.260,3328,9, 09/30/2004
sumcol,stalin, ,21000,164,-2,-2,10, 09/30/2004
sumcol,swiprolog, ,21000,207,202.490,2732,9, 09/30/2004
sumcol,tcl,2,21000,82,55.890,1384,6, 09/30/2004
sumcol,vw, ,21000,326,50.860,13136,18, 09/30/2004
sumcol,vw,2,21000,299,299.120,13000,20, 09/30/2004
sumcol,yarv, ,21000,59,42.870,6340,5, 09/30/2004
tcprequest,csharp, ,200,637,-2,-2,47, 09/30/2004
tcprequest,dlang, ,200,544,0.492,1120,35, 09/30/2004
tcprequest,fpascal,2,200,758,1.000,752,1, 09/30/2004
tcprequest,gcc, ,200,825,0.516,648,79, 09/30/2004
tcprequest,ghc,2,200,633,0.792,3140,50, 09/30/2004
tcprequest,gnat, ,200,645,0.948,800,56, 09/30/2004
tcprequest,lua, ,200,386,-2,-2,35, 09/30/2004
tcprequest,lua,2,200,519,-2,-2,55, 09/30/2004
tcprequest,mlton, ,200,709,1.048,1904,65, 09/30/2004
tcprequest,nice, ,200,667,2.428,14728,58, 09/30/2004
tcprequest,ocaml, ,200,604,1.684,1192,38, 09/30/2004
tcprequest,perl, ,200,515,0.632,4060,37, 09/30/2004
tcprequest,psyco,2,200,561,1.360,7748,49, 09/30/2004
tcprequest,python, ,200,548,1.804,6532,47, 09/30/2004
tcprequest,ruby, ,200,324,0.992,11464,33, 09/30/2004
tcprequest,tcl, ,200,394,1.000,2964,28, 09/30/2004
tcpsocket,csharp, ,9000,726,-2,-2,53, 09/30/2004
tcpsocket,csharpaot, ,9000,726,-2,-2,53, 09/30/2004
tcpsocket,mlton, ,9000,733,41.067,3432,25, 09/30/2004
tcpsocket,se, ,9000,935,-2,-2,145, 09/30/2004
tcpsocket,tcl, ,9000,639,-1,-1,49, 09/30/2004
