name,lang,id,n,size(B),cpu(s),mem(KB),status,load,elapsed(s)
binarytrees,fsharp,3,20,756,40.715,164316,0,0% 0% 99% 1%,40.740
binarytrees,ifc,1,20,826,42.171,65932,0,93% 7% 0% 0%,42.172
binarytrees,python3,6,20,626,630.051,695092,0,93% 92% 93% 98%,167.595
binarytrees,gcc,5,20,963,67.160,237364,0,94% 97% 94% 97%,17.661
binarytrees,jruby,1,20,412,394.585,1596040,0,11% 87% 10% 14%,328.046
binarytrees,java,2,20,603,14.409,451768,0,13% 9% 92% 12%,11.421
binarytrees,python3,7,20,561,539.090,468476,0,92% 93% 98% 91%,144.346
binarytrees,fsharp,2,20,685,79.853,311044,0,8% 2% 90% 0%,79.910
binarytrees,gpp,6,20,892,17.469,168376,0,70% 85% 79% 78%,5.364
binarytrees,clojure,1,20,557,129.428,526132,0,61% 5% 5% 40%,116.726
binarytrees,php,2,20,493,2694.560,1775548,0,0% 100% 0% 0%,2694.393
binarytrees,ghc,1,20,512,91.122,175548,0,45% 69% 76% 47%,35.601
binarytrees,csharp,2,20,650,61.496,265632,0,85% 14% 0% 1%,61.959
binarytrees,gcc,1,20,706,34.482,66016,0,0% 0% 100% 0%,34.494
binarytrees,scala,2,20,641,28.370,616488,0,74% 72% 67% 56%,10.493
binarytrees,oz,1,20,479,0.000,0,-11,%,0.000
binarytrees,hipe,1,20,441,37.370,230864,0,98% 2% 0% 0%,37.369
binarytrees,fpascal,1,20,769,36.478,65680,0,4% 97% 0% 0%,36.479
binarytrees,javaxint,2,20,603,116.867,345512,0,2% 90% 10% 2%,112.886
binarytrees,ats,1,20,926,18.369,132084,0,0% 0% 100% 0%,18.377
binarytrees,gnat,1,20,955,44.743,99400,0,0% 0% 0% 100%,44.755
binarytrees,go,1,20,516,180.503,264492,0,0% 0% 0% 100%,180.563
binarytrees,go,2,20,695,24.554,111992,0,0% 0% 100% 0%,24.561
binarytrees,perl,1,20,448,792.266,289704,0,0% 8% 3% 100%,792.508
binarytrees,gpp,2,20,553,40.183,99360,0,0% 0% 100% 0%,40.197
binarytrees,yarv,1,20,412,264.789,197076,0,97% 0% 0% 3%,264.776
binarytrees,ghc,4,20,604,147.785,381880,0,94% 88% 89% 87%,40.437
binarytrees,luajit,2,20,446,149.333,877752,0,0% 100% 0% 0%,149.337
binarytrees,gcc,7,20,850,14.037,100428,0,42% 88% 36% 96%,5.052
binarytrees,hipe,2,20,499,54.031,151488,0,93% 75% 73% 74%,17.174
binarytrees,ocaml,2,20,784,53.835,78692,0,86% 85% 93% 99%,14.868
binarytrees,python,2,20,365,507.756,221616,0,2% 1% 100% 11%,507.726
binarytrees,scala,1,20,549,13.521,337348,0,13% 13% 14% 87%,10.660
binarytrees,go,3,20,872,20.053,107656,0,54% 90% 54% 63%,7.695
binarytrees,php,1,20,1089,0.000,1775652,-1,16% 22% 17% 16%,3606.966
binarytrees,ats,3,20,2143,18.113,218712,0,65% 70% 99% 71%,5.935
binarytrees,javasteady,2,20,675,12.755,742332,0,27% 29% 36% 28%,10.577
binarytrees,python,6,20,626,532.469,577808,0,91% 92% 97% 92%,142.815
binarytrees,perl,2,20,541,1268.599,643696,0,0% 0% 0% 100%,1268.555
binarytrees,python,7,20,561,461.281,458056,0,92% 91% 97% 92%,123.669
binarytrees,sbcl,1,20,612,33.418,231724,0,0% 0% 0% 100%,33.443
binarytrees,ocaml,1,20,563,12.517,235640,0,1% 0% 0% 100%,12.528
binarytrees,slang,1,20,667,0.000,0,-11,%,0.000
binarytrees,ocaml,5,20,496,47.783,122584,0,5% 0% 100% 0%,47.811
binarytrees,luajit,3,20,470,177.519,547768,0,0% 0% 0% 100%,177.510
binarytrees,scala,4,20,494,14.677,441116,0,9% 10% 15% 92%,11.668
binarytrees,racket,1,20,634,0.000,0,-11,%,0.000
chameneosredux,perl,3,6000000,802,837.572,7076,0,35% 22% 30% 32%,699.369
chameneosredux,python3,2,6000000,866,318.384,4212,0,35% 36% 31% 29%,245.641
chameneosredux,sbcl,3,6000000,2907,4.624,5392,0,91% 99% 99% 91%,1.220
chameneosredux,java,2,6000000,1429,44.195,28376,0,84% 76% 61% 69%,14.039
chameneosredux,hipe,1,6000000,734,182.023,7032,0,61% 72% 5% 61%,83.044
chameneosredux,ocaml,1,6000000,1279,461.545,1204,0,47% 36% 35% 37%,251.331
chameneosredux,javaxint,4,6000000,1377,42.107,10396,0,92% 92% 72% 63%,13.364
chameneosredux,javaxint,1,6000000,1770,456.977,25952,0,39% 38% 41% 36%,270.556
chameneosredux,go,5,6000000,957,6.992,1284,0,0% 0% 100% 0%,6.996
chameneosredux,csharp,1,6000000,1400,101.398,10008,0,88% 89% 81% 73%,30.466
chameneosredux,javasteady,2,6000000,1513,33.901,29768,0,72% 66% 76% 70%,11.386
chameneosredux,gnat,1,6000000,1828,183.515,1616,0,58% 56% 61% 62%,64.149
chameneosredux,racket,1,6000000,954,0.000,0,-11,%,0.000
chameneosredux,gnat,2,6000000,5188,9.753,1628,0,75% 96% 98% 92%,2.692
chameneosredux,yarv,1,6000000,928,169.615,3204,0,30% 38% 34% 28%,133.231
chameneosredux,perl,4,6000000,785,724.329,6924,0,32% 33% 34% 26%,574.826
chameneosredux,gcc,2,6000000,1663,53.315,560,0,84% 89% 78% 81%,15.194
chameneosredux,scala,1,6000000,1271,16.317,36856,0,34% 40% 40% 28%,9.828
chameneosredux,gpp,5,6000000,1994,11.537,1188,0,100% 98% 94% 94%,2.973
chameneosredux,ghc,4,6000000,991,195.644,2260,0,57% 45% 46% 49%,74.799
chameneosredux,perl,1,6000000,961,2549.227,8680,0,45% 41% 40% 39%,1481.694
chameneosredux,python,2,6000000,869,318.440,3208,0,34% 34% 33% 28%,243.149
chameneosredux,jruby,1,6000000,928,300.635,51000,0,39% 47% 48% 54%,148.473
chameneosredux,scala,2,6000000,1171,45.107,31444,0,82% 80% 64% 67%,14.539
chameneosredux,java,1,6000000,1770,15.973,31936,0,31% 38% 41% 34%,9.528
chameneosredux,gpp,1,6000000,2468,27.794,1220,0,65% 98% 98% 77%,7.079
chameneosredux,javaxint,2,6000000,1429,92.454,26200,0,78% 74% 47% 64%,32.960
chameneosredux,java,4,6000000,1377,21.841,12428,0,55% 80% 66% 66%,7.742
chameneosredux,javasteady,4,6000000,1464,14.466,16536,0,59% 54% 59% 52%,6.152
chameneosredux,ocaml,3,6000000,1146,1430.205,1652,0,34% 32% 32% 31%,833.418
chameneosredux,gcc,5,6000000,2879,2.908,536,0,99% 100% 99% 100%,0.738
fannkuchredux,jruby,2,12,422,2390.577,48980,0,16% 44% 29% 12%,2371.897
fannkuchredux,java,1,12,1282,68.400,12380,0,98% 99% 100% 98%,17.329
fannkuchredux,python,5,12,457,3045.574,3000,0,0% 0% 0% 100%,3045.968
fannkuchredux,java,3,12,1633,46.371,13652,0,98% 99% 99% 100%,11.727
fannkuchredux,javasteady,1,12,1345,68.118,14504,0,99% 100% 99% 99%,17.182
fannkuchredux,gnat,2,12,1973,57.360,1612,0,100% 100% 99% 100%,14.402
fannkuchredux,ghc,1,12,544,615.854,3076,0,25% 46% 32% 15%,497.268
fannkuchredux,fsharp,1,12,551,225.786,9956,0,40% 20% 41% 0%,226.003
fannkuchredux,gpp,4,12,1439,47.599,940,0,97% 98% 99% 99%,12.119
fannkuchredux,php,3,12,321,5762.504,5428,0,0% 0% 0% 100%,5763.164
fannkuchredux,scala,2,12,1017,69.996,17988,0,98% 98% 99% 99%,17.783
fannkuchredux,java,2,12,514,88.358,12368,0,0% 0% 100% 0%,88.356
fannkuchredux,python3,4,12,362,5697.884,4044,0,0% 62% 38% 0%,5698.990
fannkuchredux,fpascal,1,12,1018,68.612,900,0,100% 100% 100% 100%,17.203
fannkuchredux,javaxint,3,12,1633,396.121,10032,0,100% 99% 99% 99%,99.619
fannkuchredux,clojure,2,12,1088,263.580,40580,0,80% 80% 81% 79%,79.411
fannkuchredux,hipe,1,12,1038,469.909,6736,0,100% 100% 94% 98%,120.148
fannkuchredux,gnat,1,12,1836,160.054,1608,0,99% 100% 99% 99%,40.388
fannkuchredux,ats,1,12,1306,65.412,256,0,0% 0% 0% 100%,65.421
fannkuchredux,scala,1,12,459,88.642,14724,0,0% 100% 0% 0%,88.660
fannkuchredux,javaxint,1,12,1282,825.516,10076,0,98% 100% 98% 100%,208.586
fannkuchredux,php,1,12,482,5866.927,5372,0,0% 0% 100% 0%,5866.571
fannkuchredux,javaxint,2,12,514,1110.513,10000,0,0% 0% 0% 100%,1110.481
fannkuchredux,ocaml,1,12,524,149.621,548,0,0% 0% 0% 100%,149.638
fannkuchredux,csharp,2,12,564,105.231,3916,0,0% 0% 0% 100%,105.244
fannkuchredux,javasteady,2,12,586,94.160,12768,0,100% 0% 0% 0%,94.161
fannkuchredux,python3,5,12,467,4342.551,3972,0,0% 0% 100% 0%,4343.150
fannkuchredux,yarv,2,12,422,5451.573,2880,0,0% 0% 0% 100%,5451.222
fannkuchredux,php,2,12,497,5990.302,5400,0,0% 0% 100% 0%,5989.967
fannkuchredux,go,1,12,951,112.231,1284,0,100% 100% 100% 100%,28.159
fannkuchredux,csharp,3,12,1096,109.763,4696,0,98% 98% 100% 100%,27.767
fannkuchredux,ghc,3,12,1147,136.573,1180,0,100% 72% 73% 72%,42.937
fannkuchredux,python,4,12,362,3714.144,2996,0,0% 0% 0% 100%,3714.650
fannkuchredux,perl,1,12,457,3029.857,1716,0,94% 0% 6% 0%,3029.691
fannkuchredux,sbcl,1,12,1607,45.051,18960,0,97% 97% 97% 100%,11.529
fannkuchredux,csharp,1,12,520,111.303,3904,0,0% 0% 0% 100%,111.329
fannkuchredux,gpp,2,12,2106,29.338,912,0,100% 97% 100% 99%,7.408
fasta,racket,1,25000000,1203,0.000,0,-11,%,0.000
fasta,java,3,25000000,1436,1.804,12388,0,1% 90% 2% 8%,1.814
fasta,gnat,2,25000000,1904,2.148,1192,0,100% 3% 5% 100%,2.153
fasta,jruby,4,25000000,904,311.115,220208,0,33% 11% 11% 46%,307.925
fasta,python,2,25000000,779,183.911,3056,0,1% 1% 99% 0%,184.823
fasta,gnat,4,25000000,1623,7.552,1192,0,0% 0% 0% 100%,7.558
fasta,scala,1,25000000,1080,10.341,15244,0,1% 0% 100% 0%,10.273
fasta,hipe,1,25000000,1039,89.702,7544,0,100% 0% 0% 0%,89.713
fasta,ifc,1,25000000,1155,6.740,404,0,0% 100% 0% 0%,6.740
fasta,python,1,25000000,785,168.543,3004,0,0% 1% 82% 17%,168.668
fasta,fpascal,1,25000000,1227,6.136,260,0,0% 0% 0% 100%,6.134
fasta,scala,2,25000000,1368,4.136,16380,0,0% 1% 1% 100%,4.068
fasta,perl,4,25000000,934,350.454,2120,0,0% 0% 1% 100%,350.510
fasta,fpascal,4,25000000,1112,8.725,248,0,0% 0% 12% 88%,8.728
fasta,yarv,2,25000000,732,340.901,173976,0,0% 0% 0% 100%,340.884
fasta,ocaml,5,25000000,2563,0.372,208332,0,0% 0% 43% 100%,0.375
fasta,gcc,3,25000000,1321,1.764,256,0,0% 0% 100% 1%,1.768
fasta,gpp,1,25000000,1470,3.760,820,0,100% 0% 1% 0%,3.763
fasta,ghc,3,25000000,1406,14.781,2040,0,2% 79% 23% 2%,13.785
fasta,python3,2,25000000,788,265.969,4072,0,0% 2% 0% 100%,266.087
fasta,gnat,1,25000000,1346,10.433,1192,0,0% 100% 0% 0%,10.437
fasta,perl,1,25000000,791,268.953,2112,0,0% 0% 1% 100%,269.328
fasta,javaxint,3,25000000,1436,30.830,10652,0,0% 0% 0% 100%,30.845
fasta,csharp,2,25000000,1180,9.005,4560,0,98% 1% 2% 0%,9.009
fasta,gpp,4,25000000,1266,6.040,560,0,0% 0% 0% 100%,6.044
fasta,gcc,1,25000000,1185,8.321,256,0,0% 0% 0% 100%,8.326
fasta,clojure,1,25000000,1642,38.570,32204,0,37% 34% 10% 25%,35.818
fasta,ocaml,2,25000000,984,9.765,812,0,0% 0% 0% 100%,9.768
fasta,ocaml,3,25000000,1042,12.621,812,0,0% 0% 100% 0%,12.627
fasta,ats,4,25000000,2590,2.152,252,0,0% 1% 0% 100%,2.155
fasta,clojure,2,25000000,1635,32.726,32324,0,33% 13% 14% 51%,29.109
fasta,gpp,5,25000000,1753,0.256,820,0,0% 4% 4% 100%,0.258
fasta,php,2,25000000,1007,769.428,5492,0,0% 100% 1% 0%,769.825
fasta,gpp,2,25000000,1474,2.720,820,0,0% 0% 100% 0%,2.724
fasta,perl,2,25000000,886,489.711,2128,0,0% 0% 1% 100%,489.735
fasta,php,3,25000000,1030,253.616,5456,0,0% 0% 1% 100%,253.785
fasta,gcc,2,25000000,1168,2.912,256,0,0% 0% 1% 100%,2.918
fasta,java,2,25000000,1240,7.636,12616,0,0% 1% 1% 99%,7.620
fasta,jruby,1,25000000,760,371.615,218892,0,41% 1% 1% 59%,367.430
fasta,csharp,1,25000000,1434,3.728,4460,0,1% 1% 0% 100%,3.732
fasta,gcc,4,25000000,1221,5.100,256,0,0% 1% 0% 100%,5.103
fasta,javaxint,2,25000000,1240,54.303,10120,0,0% 0% 100% 0%,54.322
fasta,ocaml,1,25000000,1046,9.389,812,0,0% 0% 0% 100%,9.393
fasta,ghc,1,25000000,1410,7.908,2352,0,1% 1% 2% 100%,7.632
fasta,ocaml,4,25000000,2383,2.744,128196,0,0% 0% 6% 100%,2.747
fasta,sbcl,1,25000000,1419,15.601,17000,0,0% 0% 1% 100%,15.607
fasta,sbcl,2,25000000,1617,16.709,17260,0,0% 0% 100% 0%,16.714
fasta,hipe,2,25000000,1164,49.991,7748,0,98% 2% 0% 0%,49.999
fasta,go,2,25000000,1249,9.509,768,0,0% 0% 0% 100%,9.512
fasta,ifc,2,25000000,1363,3.796,440,0,1% 57% 43% 1%,3.800
fasta,yarv,4,25000000,904,206.753,179380,0,0% 1% 0% 100%,206.822
fasta,ats,1,25000000,2102,5.392,256,0,0% 100% 0% 0%,5.396
fasta,fsharp,1,25000000,1065,18.573,6088,0,0% 99% 0% 1%,18.587
knucleotide,hipe,1,25000000,930,0.000,1367964,-2,100% 1% 0% 0%,67.129
knucleotide,go,4,25000000,1447,162.046,258932,0,65% 32% 95% 42%,69.605
knucleotide,sbcl,2,25000000,1277,193.220,392112,0,0% 1% 0% 100%,193.270
knucleotide,ats,3,25000000,3831,49.383,158800,0,79% 80% 80% 96%,14.729
knucleotide,python3,2,25000000,624,132.224,604248,0,90% 13% 13% 81%,68.232
knucleotide,perl,1,25000000,648,267.629,2771092,0,70% 87% 92% 75%,83.301
knucleotide,scala,4,25000000,1287,64.920,792432,0,77% 77% 94% 75%,20.040
knucleotide,php,2,25000000,914,660.949,249952,0,93% 0% 7% 0%,661.200
knucleotide,ats,2,25000000,3254,33.346,124100,0,0% 100% 0% 0%,33.353
knucleotide,clojure,2,25000000,1615,714.069,962444,0,84% 91% 88% 87%,204.074
knucleotide,hipe,3,25000000,932,419.750,552124,0,93% 65% 61% 72%,144.819
knucleotide,gpp,5,25000000,3416,9.881,40436,0,72% 76% 91% 81%,3.096
knucleotide,ifc,1,25000000,2238,142.965,175064,0,64% 36% 0% 0%,142.962
knucleotide,sbcl,1,25000000,847,0.000,56052,-2,0% 1% 2% 4%,255.839
knucleotide,java,1,25000000,1330,58.112,1269704,0,83% 81% 85% 91%,17.018
knucleotide,python3,7,25000000,531,426.091,841040,0,86% 85% 65% 99%,126.996
knucleotide,gpp,1,25000000,2106,28.718,153012,0,87% 87% 100% 87%,7.948
knucleotide,hipe,2,25000000,997,0.000,9100,-2,1% 1% 99% 0%,6.077
knucleotide,gcc,5,25000000,2519,51.843,267460,0,90% 54% 100% 60%,17.132
knucleotide,clojure,1,25000000,809,685.275,962024,0,52% 57% 12% 12%,516.781
knucleotide,csharp,2,25000000,1012,218.590,395188,0,0% 100% 0% 0%,219.021
knucleotide,sbcl,4,25000000,2272,73.301,92652,0,0% 0% 0% 100%,73.341
knucleotide,gpp,6,25000000,3415,15.633,132080,0,85% 86% 80% 98%,4.487
knucleotide,csharp,3,25000000,1404,98.286,306116,0,79% 60% 69% 88%,33.341
knucleotide,python,8,25000000,647,0.000,444160,-1,20% 20% 12% 13%,3614.365
knucleotide,csharp,4,25000000,1696,99.518,534088,0,98% 71% 75% 73%,31.425
knucleotide,gnat,2,25000000,4504,26.830,253416,0,26% 82% 29% 99%,11.342
knucleotide,jruby,2,25000000,420,571.220,490984,0,3% 32% 43% 24%,557.789
knucleotide,ocaml,3,25000000,1789,0.000,804,-2,0% 2% 3% 100%,0.801
knucleotide,python3,8,25000000,647,474.162,850868,0,59% 98% 59% 83%,158.541
knucleotide,csharp,1,25000000,1420,110.307,515752,0,0% 0% 0% 100%,110.330
knucleotide,java,2,25000000,1602,46.655,486900,0,79% 80% 79% 99%,13.823
knucleotide,python3,4,25000000,577,495.811,841040,0,70% 63% 90% 93%,156.936
knucleotide,racket,1,25000000,702,0.000,0,-11,%,0.000
knucleotide,python,5,25000000,521,310.291,439572,0,0% 0% 100% 0%,310.365
knucleotide,perl,2,25000000,359,234.767,709296,0,0% 0% 0% 100%,234.754
knucleotide,scala,1,25000000,1625,0.000,596752,-2,71% 2% 6% 14%,5.821
knucleotide,python,1,25000000,475,422.206,439444,0,29% 70% 0% 0%,423.816
knucleotide,go,1,25000000,980,230.506,379456,0,80% 86% 66% 57%,79.484
knucleotide,fpascal,2,25000000,2383,65.232,128380,0,7% 0% 28% 65%,65.232
knucleotide,jruby,1,25000000,637,645.792,490016,0,85% 75% 96% 78%,192.274
knucleotide,ocaml,1,25000000,870,0.000,1864,-2,0% 0% 0% 100%,0.892
knucleotide,python,7,25000000,519,279.213,440268,0,65% 82% 81% 96%,86.298
knucleotide,javaxint,2,25000000,1602,905.257,306612,0,85% 86% 97% 86%,255.838
knucleotide,php,3,25000000,1268,661.449,248504,0,87% 97% 93% 90%,180.446
knucleotide,ghc,3,25000000,2749,117.403,370900,0,47% 53% 54% 100%,45.953
knucleotide,python3,1,25000000,487,593.877,840320,0,0% 0% 0% 100%,594.354
knucleotide,yarv,1,25000000,637,677.534,125440,0,72% 96% 77% 96%,198.619
knucleotide,ocaml,2,25000000,1205,0.000,808,-2,62% 0% 1% 14%,1.890
knucleotide,sbcl,3,25000000,1284,192.068,392120,0,0% 17% 83% 0%,192.395
knucleotide,javaxint,1,25000000,1330,1650.075,755340,0,93% 94% 91% 97%,440.412
knucleotide,gcc,6,25000000,2439,55.171,153676,0,58% 89% 62% 92%,18.441
knucleotide,python,2,25000000,615,78.761,370776,0,10% 92% 64% 14%,43.739
knucleotide,yarv,2,25000000,420,620.163,157772,0,0% 0% 0% 100%,620.358
mandelbrot,javasteady,3,16000,970,39.020,408028,0,100% 100% 100% 100%,9.794
mandelbrot,racket,1,16000,652,0.000,0,-11,%,0.000
mandelbrot,ifc,1,16000,485,0.000,412,-10,0% 4% 100% 0%,0.227
mandelbrot,gcc,6,16000,879,24.382,26196,0,100% 100% 100% 100%,6.108
mandelbrot,python3,2,16000,777,2199.073,5588,0,69% 68% 69% 100%,717.025
mandelbrot,ifc,5,16000,508,53.831,32380,0,0% 0% 0% 100%,53.832
mandelbrot,scala,3,16000,796,47.523,59784,0,98% 98% 99% 98%,12.080
mandelbrot,python3,5,16000,449,2226.431,23140,0,100% 100% 100% 100%,556.860
mandelbrot,python,5,16000,425,2027.027,18616,0,100% 100% 100% 100%,507.025
mandelbrot,fpascal,2,16000,817,83.093,32060,0,83% 95% 40% 47%,31.426
mandelbrot,php,4,16000,766,2929.619,58296,0,100% 79% 80% 99%,819.362
mandelbrot,csharp,3,16000,701,64.548,38716,0,99% 100% 99% 99%,16.247
mandelbrot,ats,2,16000,1455,27.202,288,0,0% 0% 0% 100%,27.210
mandelbrot,gcc,2,16000,400,50.223,312,0,0% 0% 0% 100%,50.231
mandelbrot,ocaml,1,16000,710,85.561,2128,0,100% 100% 100% 100%,21.460
mandelbrot,sbcl,2,16000,653,0.000,7408,-2,0% 1% 0% 0%,532.339
mandelbrot,gpp,1,16000,1239,12.909,26336,0,100% 100% 100% 100%,3.237
mandelbrot,clojure,2,16000,1401,112.679,43284,0,72% 71% 71% 73%,37.519
mandelbrot,csharp,2,16000,484,82.309,4772,0,0% 0% 0% 100%,82.325
mandelbrot,fpascal,3,16000,530,78.625,56,0,100% 0% 0% 0%,78.622
mandelbrot,javaxint,3,16000,903,875.703,42460,0,100% 100% 100% 100%,219.152
mandelbrot,gcc,3,16000,763,23.701,31724,0,99% 99% 100% 99%,5.956
mandelbrot,gcc,1,16000,822,24.314,26520,0,100% 100% 100% 100%,6.091
mandelbrot,go,6,16000,700,81.653,31248,0,100% 100% 100% 100%,20.431
mandelbrot,java,1,16000,665,42.467,11844,0,0% 0% 0% 100%,42.456
mandelbrot,javaxint,6,16000,802,1036.505,41688,0,100% 100% 100% 100%,259.399
mandelbrot,clojure,1,16000,967,121.556,42636,0,76% 75% 76% 74%,38.936
mandelbrot,gpp,3,16000,414,180.631,884,0,0% 73% 28% 0%,180.663
mandelbrot,yarv,2,16000,925,6959.327,50280,0,100% 100% 100% 100%,1744.940
mandelbrot,php,3,16000,863,2544.911,118568,0,100% 100% 100% 100%,637.442
mandelbrot,scala,2,16000,454,54.251,12936,0,0% 0% 0% 100%,54.268
mandelbrot,csharp,1,16000,798,66.180,38908,0,99% 99% 100% 99%,16.650
mandelbrot,ocaml,6,16000,444,150.561,808,0,0% 0% 0% 100%,150.585
mandelbrot,python3,3,16000,304,0.000,0,-2,0% 0% 0% 100%,0.028
mandelbrot,python,1,16000,287,2259.649,3024,0,0% 1% 100% 0%,2259.512
mandelbrot,gpp,7,16000,1017,23.949,32040,0,100% 100% 99% 100%,6.022
mandelbrot,jruby,1,16000,313,5176.788,182044,0,22% 26% 35% 19%,5084.120
mandelbrot,hipe,1,16000,534,412.582,661808,0,92% 81% 81% 89%,119.889
mandelbrot,ghc,2,16000,772,52.123,34352,0,100% 100% 100% 100%,13.049
mandelbrot,racket,2,16000,742,0.000,0,-11,%,0.000
mandelbrot,fpascal,1,16000,820,83.117,32060,0,94% 40% 95% 35%,31.429
mandelbrot,ifc,3,16000,754,0.000,0,-10,0% 0% 0% 100%,0.181
mandelbrot,ifc,2,16000,813,0.000,291608,-10,0% 0% 0% 100%,48.670
mandelbrot,jruby,2,16000,925,6231.641,243752,0,85% 85% 86% 84%,1827.012
mandelbrot,scala,1,16000,724,54.075,45496,0,98% 99% 99% 99%,13.680
mandelbrot,ats,1,16000,2148,21.981,26448,0,100% 100% 100% 100%,5.515
mandelbrot,perl,1,16000,550,5150.138,294844,0,99% 99% 99% 100%,1298.703
mandelbrot,fsharp,3,16000,825,70.424,39892,0,99% 99% 99% 100%,17.738
mandelbrot,gpp,6,16000,1035,26.846,32040,0,100% 100% 100% 100%,6.746
mandelbrot,gnat,3,16000,1805,24.642,29824,0,99% 99% 100% 99%,6.207
mandelbrot,php,1,16000,443,2482.043,5920,0,0% 0% 1% 100%,2481.906
mandelbrot,perl,2,16000,311,5033.887,2988,0,0% 1% 100% 0%,5033.582
mandelbrot,ifc,4,16000,611,47.439,60716,0,33% 94% 93% 39%,18.416
mandelbrot,java,6,16000,802,32.458,44072,0,98% 99% 99% 99%,8.225
mandelbrot,fsharp,2,16000,1118,180.295,7300,0,100% 99% 99% 100%,45.378
mandelbrot,php,2,16000,395,2916.802,5408,0,0% 0% 1% 100%,2916.635
mandelbrot,javaxint,1,16000,665,615.930,10248,0,32% 0% 0% 68%,615.975
mandelbrot,java,3,16000,903,46.415,44024,0,99% 99% 99% 99%,11.727
mandelbrot,sbcl,1,16000,1002,0.000,7644,-2,0% 1% 1% 0%,4.779
mandelbrot,gnat,2,16000,572,58.672,928,0,0% 0% 0% 100%,58.683
mandelbrot,yarv,1,16000,313,6204.536,2848,0,0% 1% 0% 100%,6204.216
meteor,ocaml,1,2098,2156,0.824,1604,0,0% 1% 100% 2%,0.827
meteor,javaxint,2,2098,5177,1.500,13952,0,3% 0% 1% 99%,1.508
meteor,jruby,1,2098,2768,16.353,165952,0,12% 11% 12% 88%,13.317
meteor,gpp,1,2098,4343,0.120,0,0,0% 0% 0% 100%,0.122
meteor,jruby,2,2098,2786,12.077,206016,0,15% 12% 18% 89%,9.061
meteor,ghc,3,2098,1801,1.100,2804,0,6% 4% 6% 100%,0.957
meteor,gpp,4,2098,5330,0.076,0,0,0% 0% 0% 100%,0.079
meteor,java,1,2098,4368,0.912,14760,0,9% 83% 3% 9%,0.862
meteor,ghc,5,2098,2908,0.000,0,-11,%,0.000
meteor,yarv,2,2098,2786,9.617,3628,0,0% 0% 100% 0%,9.614
meteor,python,1,2098,1418,14.897,3172,0,0% 0% 100% 0%,14.898
meteor,yarv,1,2098,2768,14.081,3460,0,0% 0% 100% 0%,14.080
meteor,python,2,2098,1294,11.333,3248,0,0% 0% 100% 0%,11.334
meteor,perl,1,2098,1541,64.308,3448,0,0% 0% 100% 0%,64.305
meteor,ghc,2,2098,1886,1.300,3092,0,6% 5% 100% 7%,1.113
meteor,gpp,3,2098,4862,0.084,0,0,0% 0% 0% 100%,0.089
meteor,ghc,4,2098,793,3.840,2852,0,3% 4% 4% 100%,3.406
meteor,gpp,2,2098,4080,0.252,504,0,0% 4% 96% 8%,0.255
meteor,gcc,1,2098,3066,0.116,0,0,0% 0% 0% 100%,0.121
meteor,gpp,5,2098,5051,0.084,0,0,0% 0% 0% 100%,0.086
meteor,fpascal,3,2098,5471,0.100,0,0,0% 100% 0% 0%,0.100
meteor,javasteady,2,2098,5238,0.126,34564,0,2% 99% 2% 3%,0.120
meteor,racket,1,2098,2152,0.000,0,-11,%,0.000
meteor,go,1,2098,2986,0.240,524,0,0% 4% 8% 100%,0.242
meteor,python3,3,2098,1206,11.497,4688,0,0% 0% 0% 100%,11.498
meteor,javaxint,1,2098,4368,6.660,11312,0,0% 0% 100% 0%,6.667
meteor,python3,2,2098,1311,10.005,4428,0,0% 1% 0% 100%,10.006
meteor,python,3,2098,1198,10.417,3544,0,0% 0% 100% 0%,10.417
meteor,python3,1,2098,1442,13.077,4284,0,0% 1% 0% 100%,13.078
meteor,scala,4,2098,2532,5.612,34488,0,1% 3% 2% 99%,5.316
meteor,java,2,2098,5177,0.436,228,0,39% 61% 22% 23%,0.312
meteor,ghc,1,2098,2196,1.624,2832,0,5% 9% 4% 100%,1.386
nbody,php,2,50000000,1255,1299.837,5488,0,0% 0% 0% 100%,1299.757
nbody,clojure,2,50000000,2089,34.718,31124,0,14% 2% 2% 85%,33.109
nbody,sbcl,1,50000000,1363,47.783,17620,0,0% 0% 100% 0%,47.794
nbody,gnat,1,50000000,1608,25.442,1192,0,0% 100% 0% 0%,25.448
nbody,hipe,3,50000000,1399,185.768,7592,0,100% 0% 0% 0%,185.790
nbody,python3,1,50000000,1181,1214.004,4064,0,0% 0% 0% 100%,1213.932
nbody,javaxint,2,50000000,1424,579.980,10260,0,0% 0% 0% 100%,579.988
nbody,go,1,50000000,1310,78.861,768,0,0% 0% 0% 100%,78.876
nbody,ifc,1,50000000,1389,21.813,428,0,100% 0% 0% 0%,21.815
nbody,racket,1,50000000,1815,0.000,0,-11,%,0.000
nbody,yarv,2,50000000,1137,1749.629,2916,0,0% 0% 11% 89%,1749.456
nbody,gcc,1,50000000,1173,23.605,256,0,0% 0% 0% 100%,23.611
nbody,ghc,1,50000000,1687,52.427,1848,0,19% 1% 37% 46%,50.527
nbody,php,1,50000000,1289,2737.791,5532,0,0% 0% 0% 100%,2737.628
nbody,fpascal,1,50000000,1308,35.058,188,0,0% 0% 1% 100%,35.055
nbody,csharp,1,50000000,1403,44.151,4828,0,100% 0% 0% 0%,44.157
nbody,jruby,2,50000000,1137,1749.641,43564,0,26% 28% 24% 26%,1692.517
nbody,csharp,2,50000000,1410,36.458,4828,0,99% 0% 0% 1%,36.465
nbody,python,4,50000000,1105,1330.859,3124,0,0% 0% 100% 0%,1330.776
nbody,gcc,5,50000000,1429,23.813,256,0,0% 0% 100% 0%,23.820
nbody,java,2,50000000,1424,23.725,12104,0,0% 0% 100% 0%,23.737
nbody,gpp,4,50000000,1428,23.501,560,0,0% 0% 100% 0%,23.511
nbody,python3,4,50000000,1106,1346.128,4072,0,0% 0% 0% 100%,1346.044
nbody,fsharp,1,50000000,1361,41.519,10864,0,0% 99% 0% 1%,41.534
nbody,python,1,50000000,1178,1243.254,3048,0,0% 0% 100% 0%,1243.175
nbody,scala,1,50000000,1358,24.430,15376,0,0% 0% 0% 100%,24.438
nbody,gnat,2,50000000,1723,25.258,1192,0,0% 0% 0% 100%,25.264
nbody,perl,1,50000000,1140,1958.810,2136,0,0% 0% 0% 100%,1958.691
nbody,javasteady,2,50000000,1498,24.730,12372,0,32% 64% 3% 0%,24.730
nbody,ifc,2,50000000,1496,21.529,436,0,0% 1% 0% 100%,21.522
nbody,racket,2,50000000,2067,0.000,0,-11,%,0.000
nbody,gcc,2,50000000,1263,24.318,256,0,0% 0% 0% 100%,24.324
nbody,ats,2,50000000,1920,22.021,284,0,0% 0% 0% 100%,22.027
nbody,csharp,3,50000000,1305,34.774,4752,0,0% 0% 100% 0%,34.781
nbody,php,3,50000000,1082,1159.964,5496,0,0% 1% 0% 100%,1160.098
nbody,ocaml,1,50000000,1239,63.196,544,0,0% 0% 100% 0%,63.206
pidigits,go,3,10000,607,8.689,3988,0,0% 0% 0% 100%,8.694
pidigits,javasteady,2,10000,983,0.000,0,-2,0% 0% 8% 58%,0.002
pidigits,python3,4,10000,246,0.048,0,0,17% 0% 0% 100%,0.049
pidigits,fpascal,1,10000,3042,38.506,912,0,0% 0% 100% 0%,38.505
pidigits,csharp,3,10000,1026,5.320,5936,0,96% 1% 4% 0%,5.323
pidigits,yarv,2,10000,653,0.000,0,-2,0% 74% 75% 0%,0.186
pidigits,python3,3,10000,520,6.064,5320,0,0% 2% 0% 100%,6.059
pidigits,ocaml,1,10000,560,0.000,0,-11,%,0.000
pidigits,python3,1,10000,437,27.210,4692,0,0% 0% 0% 100%,27.206
pidigits,jruby,2,10000,653,0.000,14616,-2,29% 33% 16% 43%,0.546
pidigits,gcc,4,10000,541,2.736,1088,0,0% 0% 100% 0%,2.738
pidigits,fsharp,1,10000,617,114.407,40464,0,0% 100% 1% 0%,114.483
pidigits,python3,2,10000,255,3.004,4948,0,0% 1% 2% 100%,3.009
pidigits,javasteady,4,10000,1836,10.003,39972,0,51% 25% 54% 49%,5.516
pidigits,perl,2,10000,385,6.404,3276,0,0% 0% 0% 100%,6.406
pidigits,yarv,1,10000,518,42.159,12880,0,1% 0% 100% 0%,42.173
pidigits,jruby,3,10000,242,35.578,197652,0,4% 47% 53% 1%,34.131
pidigits,scala,2,10000,632,15.745,388848,0,27% 47% 23% 9%,14.691
pidigits,scala,3,10000,479,42.919,405956,0,8% 10% 3% 86%,40.314
pidigits,python,4,10000,257,0.044,0,0,0% 0% 100% 0%,0.046
pidigits,hipe,2,10000,512,19.289,10700,0,10% 93% 68% 32%,18.647
pidigits,racket,1,10000,574,0.000,0,-11,%,0.000
pidigits,ats,3,10000,1154,2.736,1088,0,0% 100% 0% 0%,2.741
pidigits,php,1,10000,736,640.176,8104,0,0% 0% 1% 100%,640.138
pidigits,gpp,3,10000,682,2.740,1668,0,0% 1% 1% 100%,2.746
pidigits,ocaml,2,10000,510,19.329,2292,0,0% 0% 0% 100%,19.335
pidigits,javaxint,2,10000,938,0.000,0,-2,0% 18% 50% 0%,0.112
pidigits,ats,2,10000,942,3.468,1088,0,0% 1% 0% 100%,3.473
pidigits,ifc,1,10000,1768,0.000,760,-2,0% 2% 100% 0%,0.574
pidigits,csharp,2,10000,856,74.453,37308,0,0% 100% 0% 0%,74.520
pidigits,javaxint,4,10000,1816,17.233,19184,0,75% 54% 54% 85%,5.518
pidigits,java,1,10000,800,54.647,85204,0,36% 1% 2% 65%,52.844
pidigits,yarv,3,10000,242,19.285,10524,0,0% 0% 100% 0%,19.294
pidigits,perl,1,10000,452,17.605,4296,0,0% 0% 0% 100%,17.606
pidigits,racket,2,10000,1328,0.000,0,-11,%,0.000
pidigits,hipe,1,10000,559,20.689,12344,0,96% 4% 0% 0%,20.706
pidigits,fpascal,2,10000,785,0.000,0,-11,%,0.000
pidigits,php,2,10000,537,0.000,0,-2,0% 0% 0% 0%,0.017
pidigits,java,2,10000,938,0.000,0,-2,0% 8% 9% 58%,0.112
pidigits,ghc,4,10000,332,5.140,4936,0,14% 12% 11% 100%,3.490
pidigits,javaxint,1,10000,800,424.263,26360,0,34% 18% 22% 28%,422.071
pidigits,python,2,10000,255,3.012,4024,0,0% 0% 1% 100%,3.015
pidigits,jruby,1,10000,518,65.716,198284,0,5% 3% 91% 6%,63.023
pidigits,gnat,2,10000,1254,2.744,1760,0,0% 100% 0% 0%,2.747
pidigits,python,3,10000,476,6.176,4248,0,0% 0% 100% 0%,6.178
pidigits,ats,1,10000,671,4.944,1032,0,0% 100% 0% 0%,4.949
pidigits,fsharp,3,10000,984,5.324,5796,0,96% 1% 0% 4%,5.327
pidigits,sbcl,2,10000,645,33.726,28868,0,0% 0% 100% 1%,33.757
pidigits,java,4,10000,1816,13.457,37880,0,66% 62% 64% 64%,4.775
pidigits,python,1,10000,407,27.254,3732,0,0% 0% 100% 0%,27.251
pidigits,gnat,1,10000,1143,5.152,2024,0,0% 100% 0% 0%,5.159
pidigits,scala,4,10000,1125,4.376,42908,0,95% 3% 8% 6%,3.970
regexdna,go,4,5000000,617,706.288,2061732,0,100% 0% 0% 0%,706.939
regexdna,javaxint,5,5000000,929,346.498,686064,0,64% 52% 45% 77%,144.987
regexdna,csharp,1,5000000,624,82.417,1575444,0,0% 100% 0% 0%,82.441
regexdna,python3,3,5000000,479,26.106,483136,0,30% 25% 24% 99%,14.704
regexdna,python3,5,5000000,424,22.473,198084,0,0% 0% 0% 100%,22.482
regexdna,python3,1,5000000,478,23.577,487164,0,30% 49% 30% 87%,12.131
regexdna,fpascal,1,5000000,1199,22.737,115176,0,100% 0% 0% 0%,22.736
regexdna,perl,4,5000000,440,83.953,202540,0,0% 0% 0% 100%,83.949
regexdna,java,5,5000000,929,29.394,617096,0,63% 74% 60% 55%,11.661
regexdna,python,5,5000000,358,22.349,187664,0,0% 0% 0% 100%,22.359
regexdna,perl,2,5000000,527,41.111,153732,0,62% 78% 77% 80%,13.836
regexdna,gcc,1,5000000,2579,6.644,283444,0,54% 40% 47% 82%,3.007
regexdna,ocaml,2,5000000,615,0.000,300,-2,0% 39% 21% 8%,0.249
regexdna,php,2,5000000,449,48.359,210996,0,0% 0% 0% 100%,48.358
regexdna,javaxint,2,5000000,1534,532.709,610752,0,67% 84% 72% 78%,176.762
regexdna,javaxint,4,5000000,921,340.745,680788,0,3% 0% 97% 1%,340.326
regexdna,gcc,2,5000000,1099,31.522,124732,0,0% 100% 0% 0%,31.531
regexdna,csharp,6,5000000,638,82.665,450160,0,96% 47% 54% 50%,33.430
regexdna,gcc,4,5000000,1525,24.978,110640,0,67% 68% 75% 100%,8.076
regexdna,ats,2,5000000,3465,32.726,224100,0,94% 100% 90% 94%,8.688
regexdna,gnat,1,5000000,3334,32.910,157888,0,59% 92% 55% 58%,12.572
regexdna,yarv,1,5000000,323,50.323,358056,0,0% 0% 100% 0%,50.314
regexdna,ocaml,1,5000000,1261,0.000,0,-2,0% 0% 100% 0%,0.056
regexdna,hipe,7,5000000,1198,7.896,154948,0,96% 41% 39% 39%,3.670
regexdna,racket,1,5000000,708,0.000,0,-11,%,0.000
regexdna,scala,3,5000000,633,38.470,1028040,0,35% 35% 49% 88%,18.472
regexdna,php,3,5000000,459,35.690,215068,0,0% 0% 100% 0%,35.697
regexdna,sbcl,3,5000000,1948,50.571,854700,0,32% 30% 86% 37%,27.022
regexdna,ghc,2,5000000,1516,0.000,0,-11,%,0.000
regexdna,ocaml,3,5000000,892,0.000,0,-2,0% 0% 100% 0%,0.057
regexdna,jruby,1,5000000,323,70.300,530704,0,1% 98% 2% 2%,68.504
regexdna,yarv,3,5000000,501,26.882,256892,0,85% 53% 68% 52%,10.445
regexdna,ats,1,5000000,2491,32.202,167604,0,0% 0% 0% 100%,32.210
regexdna,perl,7,5000000,567,4.860,153688,0,90% 23% 15% 15%,3.427
regexdna,scala,1,5000000,611,43.475,805428,0,38% 32% 4% 29%,42.624
regexdna,java,2,5000000,1534,43.651,748856,0,76% 65% 78% 83%,14.380
regexdna,fsharp,2,5000000,497,0.000,2411164,-2,6% 94% 0% 1%,83.651
regexdna,hipe,6,5000000,1058,207.089,138620,0,97% 99% 94% 82%,55.680
regexdna,scala,4,5000000,723,28.798,587364,0,55% 66% 77% 71%,10.723
regexdna,python,1,5000000,471,22.573,241188,0,92% 34% 44% 43%,10.687
regexdna,javaxint,3,5000000,2084,68.120,250020,0,86% 61% 47% 50%,28.018
regexdna,java,3,5000000,2084,8.161,268592,0,69% 62% 55% 74%,3.143
regexdna,jruby,3,5000000,501,39.478,530484,0,82% 48% 55% 54%,16.499
regexdna,clojure,2,5000000,661,50.383,835668,0,1% 95% 3% 4%,48.796
regexdna,gpp,4,5000000,1759,14.941,90804,0,78% 87% 64% 83%,4.805
regexdna,perl,6,5000000,477,6.372,203892,0,0% 0% 0% 100%,6.373
regexdna,gpp,2,5000000,695,6.844,180300,0,3% 3% 39% 100%,4.714
regexdna,java,4,5000000,921,31.210,715520,0,55% 41% 2% 4%,30.436
regexdna,sbcl,1,5000000,591,0.000,597148,-2,0% 0% 0% 3%,489.733
revcomp,sbcl,1,25000000,896,4.160,227152,0,1% 1% 100% 0%,4.165
revcomp,gpp,1,25000000,571,4.276,245324,0,0% 0% 0% 100%,4.281
revcomp,fpascal,2,25000000,751,2.292,123424,0,0% 1% 100% 0%,2.290
revcomp,gnat,1,25000000,885,8.016,123480,0,0% 0% 0% 100%,8.023
revcomp,jruby,2,25000000,255,19.361,517396,0,4% 5% 94% 8%,17.438
revcomp,java,1,25000000,476,1.860,509128,0,58% 4% 42% 1%,1.836
revcomp,gpp,2,25000000,1098,1.700,245088,0,21% 20% 99% 23%,1.053
revcomp,gcc,1,25000000,1867,1.184,496900,0,30% 6% 36% 88%,0.883
revcomp,ocaml,3,25000000,1314,0.000,12472,0,71% 58% 57% 69%,0.945
revcomp,ocaml,2,25000000,394,4.728,168884,0,0% 0% 0% 100%,4.734
revcomp,ifc,2,25000000,772,10.213,184176,0,13% 86% 0% 0%,10.211
revcomp,go,2,25000000,547,4.928,160328,0,0% 0% 100% 0%,4.935
revcomp,racket,1,25000000,628,0.000,0,-11,%,0.000
revcomp,php,1,25000000,297,11.977,372036,0,0% 0% 0% 100%,11.980
revcomp,perl,2,25000000,298,34.294,368212,0,0% 0% 0% 100%,34.294
revcomp,python3,4,25000000,325,7.936,603904,0,0% 0% 100% 0%,7.940
revcomp,gcc,4,25000000,722,1.364,125080,0,0% 0% 100% 1%,1.370
revcomp,java,4,25000000,592,3.408,473280,0,0% 2% 1% 99%,3.345
revcomp,yarv,2,25000000,255,8.573,173960,0,100% 0% 0% 0%,8.574
revcomp,php,2,25000000,343,7.740,446496,0,0% 0% 0% 100%,7.743
revcomp,ats,1,25000000,1880,1.136,122580,0,0% 2% 1% 100%,1.139
revcomp,csharp,1,25000000,1099,2.996,165112,0,0% 93% 9% 0%,3.002
revcomp,python3,3,25000000,294,29.890,1078452,0,0% 0% 100% 0%,29.886
revcomp,perl,4,25000000,237,5.620,124060,0,1% 0% 1% 100%,5.622
revcomp,python,5,25000000,322,4.916,546800,0,0% 0% 0% 100%,4.921
revcomp,ghc,3,25000000,994,2.152,125936,0,2% 1% 2% 100%,2.054
revcomp,gpp,4,25000000,2275,1.248,245468,0,18% 14% 61% 55%,0.872
revcomp,gpp,3,25000000,810,1.732,125080,0,0% 1% 1% 100%,1.737
revcomp,ocaml,1,25000000,1064,0.000,24588,0,26% 11% 61% 60%,2.058
revcomp,scala,5,25000000,329,0.000,851636,-2,44% 19% 26% 37%,39.582
revcomp,csharp,3,25000000,863,7.592,200548,0,97% 1% 3% 0%,7.603
revcomp,python,3,25000000,288,6.668,553168,0,0% 0% 100% 0%,6.667
revcomp,perl,1,25000000,299,38.426,383064,0,0% 0% 0% 100%,38.421
revcomp,scala,4,25000000,505,2.284,401912,0,0% 2% 99% 3%,2.239
revcomp,hipe,3,25000000,624,59.372,660248,0,99% 1% 0% 4%,57.254
revcomp,javaxint,1,25000000,476,16.321,507528,0,0% 0% 0% 100%,16.351
revcomp,clojure,1,25000000,1003,38.010,861188,0,2% 2% 98% 2%,36.870
revcomp,gnat,2,25000000,3132,1.548,197312,0,80% 2% 38% 3%,1.279
revcomp,hipe,4,25000000,1167,44.635,626088,0,97% 11% 8% 13%,34.878
revcomp,javaxint,4,25000000,592,21.661,471232,0,0% 0% 100% 0%,21.669
revcomp,ghc,2,25000000,913,5.060,618900,0,8% 8% 99% 9%,4.092
revcomp,clojure,2,25000000,740,16.521,895528,0,5% 3% 16% 85%,15.106
revcomp,ocaml,4,25000000,2064,1.680,127260,0,4% 0% 1% 100%,1.683
spectralnorm,ats,1,5500,1138,20.661,572,0,0% 0% 0% 100%,20.669
spectralnorm,scala,2,5500,720,16.057,14896,0,98% 94% 95% 94%,4.218
spectralnorm,scala,1,5500,404,15.949,14648,0,0% 0% 100% 0%,15.879
spectralnorm,python,1,5500,378,792.394,3592,0,0% 0% 100% 0%,792.344
spectralnorm,jruby,2,5500,776,2122.305,202936,0,90% 92% 90% 91%,568.355
spectralnorm,ifc,3,5500,638,7.920,1092,0,99% 99% 99% 99%,2.009
spectralnorm,gpp,2,5500,1330,7.920,888,0,100% 100% 100% 99%,1.988
spectralnorm,python,2,5500,233,12.857,479292,0,0% 1% 0% 100%,12.857
spectralnorm,python3,2,5500,233,12.489,484340,0,0% 0% 100% 0%,12.490
spectralnorm,ats,4,5500,2507,10.641,572,0,95% 97% 98% 99%,2.713
spectralnorm,gpp,6,5500,1044,10.005,888,0,100% 100% 100% 100%,2.508
spectralnorm,ghc,2,5500,396,35.098,3628,0,0% 0% 100% 0%,35.098
spectralnorm,gpp,8,5500,1278,11.409,888,0,100% 100% 100% 100%,2.861
spectralnorm,clojure,6,5500,803,17.985,31052,0,84% 81% 80% 95%,5.282
spectralnorm,jruby,1,5500,292,1254.218,205816,0,32% 19% 1% 50%,1235.417
spectralnorm,java,2,5500,950,16.301,12476,0,96% 95% 98% 96%,4.216
spectralnorm,python3,6,5500,328,1102.429,4660,0,0% 0% 100% 0%,1102.384
spectralnorm,gnat,1,5500,710,23.285,1192,0,0% 0% 100% 0%,23.293
spectralnorm,clojure,5,5500,709,70.668,35872,0,66% 62% 62% 66%,26.061
spectralnorm,fpascal,1,5500,423,18.793,188,0,0% 0% 100% 0%,18.795
spectralnorm,go,3,5500,536,35.854,1512,0,92% 92% 97% 97%,9.476
spectralnorm,perl,2,5500,343,1217.900,3172,0,0% 0% 100% 0%,1217.830
spectralnorm,ifc,2,5500,513,15.713,1068,0,0% 0% 100% 0%,15.711
spectralnorm,ocaml,3,5500,907,17.969,3064,0,99% 99% 99% 99%,4.772
spectralnorm,python,6,5500,341,773.544,3712,0,0% 0% 100% 0%,773.502
spectralnorm,fsharp,2,5500,1078,16.145,7384,0,90% 87% 92% 93%,4.461
spectralnorm,clojure,2,5500,489,418.846,30112,0,37% 14% 16% 42%,380.457
spectralnorm,yarv,3,5500,828,687.827,12532,0,95% 96% 94% 96%,180.654
spectralnorm,gnat,3,5500,1702,15.733,1572,0,99% 99% 99% 99%,3.970
spectralnorm,gcc,1,5500,382,32.954,608,0,0% 0% 0% 100%,32.960
spectralnorm,python3,5,5500,437,1202.603,25768,0,97% 99% 97% 97%,309.350
spectralnorm,sbcl,1,5500,625,24.558,6564,0,0% 0% 0% 100%,24.566
spectralnorm,yarv,1,5500,292,716.625,3836,0,100% 0% 0% 0%,716.559
spectralnorm,csharp,1,5500,459,17.721,4896,0,99% 0% 1% 0%,17.725
spectralnorm,python,4,5500,281,599.637,3628,0,100% 0% 0% 0%,599.630
spectralnorm,ifc,1,5500,568,15.881,1200,0,99% 99% 99% 99%,4.009
spectralnorm,python3,1,5500,366,1095.196,4532,0,0% 0% 100% 0%,1095.132
spectralnorm,hipe,1,5500,507,57.992,9372,0,99% 0% 1% 0%,58.006
spectralnorm,csharp,2,5500,1063,15.773,4668,0,98% 98% 99% 98%,4.005
spectralnorm,gcc,2,5500,669,4.736,236888,0,0% 0% 0% 100%,4.740
spectralnorm,java,1,5500,514,16.637,13248,0,0% 0% 1% 100%,16.531
spectralnorm,ghc,4,5500,975,18.741,1436,0,97% 95% 97% 100%,4.817
spectralnorm,javaxint,2,5500,950,117.947,10812,0,99% 99% 99% 99%,29.846
spectralnorm,javasteady,2,5500,1027,15.691,21624,0,100% 100% 100% 100%,3.943
spectralnorm,perl,1,5500,355,1455.003,2824,0,41% 0% 43% 15%,1454.922
spectralnorm,yarv,2,5500,776,1451.115,3016,0,22% 29% 28% 21%,1449.570
spectralnorm,hipe,2,5500,747,45.539,10996,0,98% 99% 98% 98%,11.576
spectralnorm,python,5,5500,428,829.524,20552,0,99% 98% 99% 99%,210.535
spectralnorm,php,3,5500,1193,808.515,23192,0,93% 93% 100% 94%,212.668
spectralnorm,javaxint,1,5500,514,161.694,11320,0,0% 0% 0% 100%,161.737
spectralnorm,perl,3,5500,846,1230.193,7780,0,99% 99% 100% 99%,309.242
spectralnorm,ocaml,2,5500,377,18.849,1596,0,0% 0% 0% 100%,18.854
spectralnorm,racket,2,5500,790,0.000,0,-11,%,0.000
spectralnorm,sbcl,3,5500,883,21.501,5468,0,99% 99% 99% 99%,5.464
spectralnorm,gpp,7,5500,1283,7.920,888,0,100% 100% 100% 100%,1.988
spectralnorm,gcc,4,5500,1139,11.161,608,0,100% 100% 100% 100%,2.798
spectralnorm,php,2,5500,397,791.717,8356,0,0% 0% 100% 0%,791.669
spectralnorm,racket,1,5500,683,0.000,0,-11,%,0.000
spectralnorm,gpp,1,5500,452,20.749,1152,0,0% 0% 0% 100%,20.753
threadring,yarv,2,50000000,228,797.386,15324,0,38% 32% 27% 27%,631.871
threadring,gcc,3,50000000,607,0.000,0,-2,%,0.000
threadring,java,3,50000000,530,432.155,238604,0,46% 6% 6% 42%,328.452
threadring,javaxint,6,50000000,543,37.394,26116,0,40% 0% 0% 59%,37.405
threadring,scala,1,50000000,296,900.828,37712,0,93% 93% 93% 93%,234.499
threadring,gcc,1,50000000,487,271.977,4508,0,3% 40% 39% 3%,207.088
threadring,gpp,2,50000000,588,283.374,4840,0,4% 38% 39% 4%,216.347
threadring,javaxint,5,50000000,432,634.116,12108,0,22% 26% 30% 28%,587.285
threadring,csharp,1,50000000,476,906.937,14880,0,52% 36% 43% 44%,501.598
threadring,gpp,1,50000000,636,324.280,2992,0,48% 7% 7% 43%,218.216
threadring,hipe,1,50000000,273,32.842,8380,0,100% 1% 0% 0%,32.720
threadring,fsharp,3,50000000,329,44.563,12176,0,0% 99% 0% 0%,44.612
threadring,ats,1,50000000,1065,272.325,4504,0,43% 40% 3% 3%,207.806
threadring,sbcl,1,50000000,618,395.817,21232,0,25% 27% 27% 24%,276.306
threadring,gnat,1,50000000,602,902.160,6592,0,39% 36% 36% 36%,484.763
threadring,python3,2,50000000,288,255.804,8444,0,20% 10% 13% 52%,262.301
threadring,gpp,3,50000000,726,14.441,2464,0,0% 0% 0% 100%,14.449
threadring,yarv,1,50000000,342,648.089,90976,0,31% 15% 21% 39%,591.357
threadring,java,6,50000000,543,1.332,219164,0,42% 1% 6% 54%,1.321
threadring,javaxint,2,50000000,693,37.738,26172,0,42% 19% 0% 39%,37.757
threadring,python3,3,50000000,270,14.161,4248,0,0% 0% 100% 0%,14.162
threadring,jruby,2,50000000,228,732.362,76728,0,29% 42% 29% 34%,506.943
threadring,racket,1,50000000,420,0.000,0,-11,%,0.000
threadring,ocaml,2,50000000,350,307.675,580,0,8% 37% 38% 9%,228.287
threadring,java,4,50000000,894,40.899,63668,0,23% 26% 26% 26%,38.025
threadring,perl,3,50000000,489,664.894,493492,0,10% 10% 43% 41%,611.227
threadring,java,5,50000000,432,22.717,47732,0,23% 28% 27% 25%,20.652
threadring,ocaml,3,50000000,296,303.219,2948,0,4% 45% 45% 2%,224.224
threadring,fsharp,2,50000000,612,933.042,33872,0,35% 31% 27% 22%,821.901
threadring,ruby,2,50000000,228,0.000,0,-11,%,0.000
threadring,python,2,50000000,287,253.180,7396,0,9% 25% 37% 24%,259.961
threadring,clojure,1,50000000,348,82.377,293388,0,28% 34% 23% 24%,73.257
threadring,ocaml,1,50000000,282,723.581,2952,0,17% 34% 35% 18%,566.269
threadring,go,3,50000000,341,23.281,3144,0,0% 0% 100% 0%,23.288
threadring,sbcl,2,50000000,571,462.621,28436,0,28% 26% 27% 28%,318.405
threadring,python,3,50000000,272,12.561,3292,0,0% 0% 100% 0%,12.565
threadring,ghc,1,50000000,307,9.649,3276,0,92% 4% 11% 4%,8.744
threadring,jruby,1,50000000,342,553.955,61464,0,14% 27% 39% 21%,523.704
threadring,javaxint,3,50000000,530,532.105,16860,0,23% 27% 27% 24%,409.308
threadring,gcc,2,50000000,575,270.361,2396,0,3% 39% 40% 3%,206.167
threadring,gnat,2,50000000,560,476.238,6852,0,25% 23% 34% 34%,307.396
threadring,fpascal,1,50000000,523,136.953,2564,0,29% 18% 15% 34%,140.820
threadring,javaxint,4,50000000,894,1110.745,22880,0,25% 27% 29% 27%,993.751
threadring,java,2,50000000,693,5.400,28028,0,40% 0% 1% 59%,5.370
threadring,perl,1,50000000,353,0.000,147284,-1,0% 0% 0% 0%,7208.465
